source,version,name,version_in_other,name_in_other,statement_count,raw_md5,whitespace_removed_md5,note
repo,20260913063000,commercial_rls_permission_hardening,false,false,,1956397689308625915ca094f64568f2,687c04f22b3f9e1ff12e13dee62db6bf,version_absent
repo,20260903233000,unify_company_charges_tax_and_sales_numbering,false,true,,e2979dbd282a3fb38151a80edd129c6c,416a2308205648decedb1d887ecf139e,version_absent;name_present;normalized_text_diff
repo,20260902145500,bank_reconciliation,false,true,,81156a162be25e179c08143fa384d01a,c2a80228bf9e18e341a9ffed51b1f768,version_absent;name_present;normalized_text_match
repo,20260913110500,enforce_operating_location_write_scope_globally,false,true,,e69bfdf3ab4ff655ba3846c6019e4a4c,b89f852beec99405e42231dfdfbe25e9,version_absent;name_present;normalized_text_match
repo,20260911194500,person_performance_reporting,false,true,,2642e2e0af0de347a81e48bb543aa418,fca353b697ba72abe5fbc29a249d6647,version_absent;name_present;normalized_text_diff
repo,20260912161500,complete_lender_ledger_posting,false,true,,f747438b3ed5d725060a7e0ff149935b,1f6f970faad9d432d0e25ca407b87aa7,version_absent;name_present;normalized_text_diff
repo,20260911183734,harden_security_definer_tenant_scope,true,true,,65e5264295af54598273e31f6fc15d7e,95240782f8f518b5f292cb8278ea42a0,version_present;name_present;normalized_text_match
repo,20260913112000,harden_branch_scoped_read_rpcs,false,true,,d27fa53d31b518aa98d176a2969cc32b,0757664875d849c01dd37bc6180268bb,version_absent;name_present;normalized_text_match
repo,20260830224500,0017_restrict_customer_delete_sales,true,true,,9e926bccefc806f4d8004f538b99eda2,a8009509b16828c95127c9bc3a00151d,version_present;name_present
repo,20260913081500,enforce_navilo_language_pairs,false,true,,3ae0351dc49e74c774a6ff847386caae,abfccf6532f38d870f5dfabbe44c9ad4,version_absent;name_present;normalized_text_match;duplicate_repo_version
repo,20260830180000,0012_lock_posted_purchase_orders,true,true,,e1db82857f2dc190a2065c228fb1b00d,aad0af534d6830943688dc7ff7c1d793,version_present;name_present
repo,20260915204020,prevent_duplicate_parties,false,true,,4609543835acebe2e6f66e7d2d1ab280,219c7f79d5d28a806497599d67dc4a1d,version_absent;name_present;normalized_text_match
repo,20260913105500,revoke_public_internal_helper_execution,false,true,,c5fa443907d08e5590bc753206288082,b638b9d7fa4e3fe31a0ece110e46c568,version_absent;name_present;normalized_text_match
repo,20260910160500,gate_pass_enforce_loaded_net_reconciliation,false,true,,54855df86efc498cd84a4dad23250425,81aaedb8258403702967cf4977db6f8e,version_absent;name_present;normalized_text_match
repo,20260915183500,priority1_security_invoker_reporting_views,false,true,,9459cd111ad657eb42c8eab1fd82e58d,4e0918beb9662fe3616be0563523cc9e,version_absent;name_present;normalized_text_diff
repo,20260912232500,stamp_journal_post_actor_metadata,false,true,,8c8ce58c4738da42e38be779ce75bf90,39285e9e291014c59914ee9da1359f5b,version_absent;name_present;normalized_text_match
repo,20260909185749,pre_uat_security_authorization_closeout,true,true,,9345a9b57b87920529deef98bdd6b820,d8a7c11391cb9711d7544d93fa0e4620,version_present;name_present;normalized_text_diff
repo,20260916223000,manufacturing_inventory_posting_automation,false,true,,80a02278fe6054cdba3fc9ecacc1ba14,19db4b473cc0ee284e4e7e17f1607b68,version_absent;name_present;normalized_text_match
repo,20260902125249,enforce_account_mapping_integrity,false,true,,1a9adf8d508436c549183ec7ff5dfcba,274510abea00d40eab9d6bc1e9227fa6,version_absent;name_present;normalized_text_match
repo,20260904133401,enforce_main_consolidated_tax_type_parity,true,true,,84f20c215201fd523417bdce949d6658,e3c690ddf237ca1f160dcc25bb6435f6,version_present;name_present;normalized_text_match
repo,20260908193000,fix_consolidated_purchase_cascade_delete_guard,false,true,,4d56061b8238049e49195a7d50716d2c,3f5ab78757067de4220142c7402c3017,version_absent;name_present;normalized_text_match
repo,20260917063207,make_subscription_overdue_rpc_invoker,false,true,,629d6bf4ebb606fdd40b123d3f28112a,e8e8c302a67dba193cd4b2b8dc888dc9,version_absent;name_present;normalized_text_match
repo,20260831034500,0037_lock_accounting_records,true,true,,7099638825984be2943702a3d5fb31fc,20fb7efc4406e07083ae4ed6951e916b,version_present;name_present
repo,20260916051517,scope_master_uniqueness_by_company,false,true,,d41d8cd98f00b204e9800998ecf8427e,d41d8cd98f00b204e9800998ecf8427e,version_absent;name_present;normalized_text_diff;duplicate_repo_name
repo,20260913072000,harden_gate_pass_order_book_and_charge_access,false,true,,4acd7a168b8b2440e354b75817fce3ce,42830398a68140888e946184ca0039e5,version_absent;name_present;normalized_text_diff
repo,20260917003000,production_operations_qc_maintenance_workflows,false,true,,038b48fb7696bd46e439a923bc8191de,76b85cbf10bab5d49d882c749e97800d,version_absent;name_present;normalized_text_match
repo,20260910014500,remove_obsolete_gate_pass_guard_trigger,false,true,,4855923a35368141c735faeb17419223,92a3ecccf3990050b35423ee5c14860d,version_absent;name_present;normalized_text_match
repo,20260912225000,add_party_advance_allocation_workflows,false,true,,999ae61572cc128be37c533ceb7c9bd4,0356a369f29cc6a451f40d1b04c2c264,version_absent;name_present;normalized_text_match
repo,20260830170000,0010_purchase_order_numbering,true,true,,5b9f8cad0df488e83d7c37b00930dea7,73e8c3dd1291f59f06b9956b3696a4c9,version_present;name_present;normalized_text_diff
repo,20260901174500,0039_hawala_invoice_format,false,false,,018979683c84994a6e89162e183a5442,b27e8ed7dfb812a9bdb61d7434c80815,version_absent
repo,20260912160500,secure_employee_salary_ledger_view,false,true,,c7f6852e0765d72dbcfd821f393cafe7,f496ec0085ecc42662af1f4c95aaa390,version_absent;name_present;normalized_text_match;duplicate_repo_name
repo,20260916110000,normalize_party_name_whitespace,false,true,,533f3d995c0634d663852439f4f478dd,f16adb9919a51b86aad86b55f5e0c9fa,version_absent;name_present;normalized_text_match
repo,20260902152000,fiscal_year_closing,false,true,,fb9f3933186194f8ba5e9ec45c1b1213,bbe037fa44dd22a2d795462a4a7220ec,version_absent;name_present;normalized_text_match
repo,20260913074500,fix_branch_child_parent_lookup,false,true,,3dfe494145d5e0987c4d495d36e544a1,1adde3b9e01463c168d72188d3b8b073,version_absent;name_present;normalized_text_match;duplicate_repo_version
repo,20260908215525,final_erp_trigger_function_permissions,true,true,,e191b11028b6d86c4c87aa5171eab725,c18b850400cdf0897d0c1fa30b5d1e9d,version_present;name_present;normalized_text_match
repo,20260912235500,advanced_owner_feature_governance,false,true,,b797df4494ef30ae59fcf54df200fa8d,1d23000fe2084db6d9a1483954059bd1,version_absent;name_present;normalized_text_match
repo,20260902130136,protect_mapped_account_lifecycle,false,true,,d280fcda726ef5f1dde8291c87947d1d,f850ba2278600374d624c5ab1781b338,version_absent;name_present;normalized_text_match
repo,20260909045820,align_sales_numbering_with_company_uniqueness,true,true,,3288755c93edd6d9d7e459ac5e7d360b,59878e9fa264609553390ddeca1ea243,version_present;name_present;normalized_text_match
repo,20260911103000,document_print_template_architecture,false,true,,53af067b5712bf85b61c8bc9456ce62b,5b9ce05fb0860c4ca11e2d1625c6173d,version_absent;name_present;normalized_text_match
repo,20260822075433,0003_gate_pass_weighbridge_auto_posting,true,true,,723a3a16cc96fb7f6b8327325e784280,ba2ff22f1daf37d977d283e1a9f4f3f9,version_present;name_present
repo,20260917112231,align_dashboard_role_permissions,false,true,,f8a3d69751e89b3154188dd1a312b3b7,aaf34f889d630ff0344a4b2d63476148,version_absent;name_present;normalized_text_match
repo,20260912231000,secure_employee_salary_ledger_view,false,true,,5dc5a0e92f91c3b02dcc9b9644ef6777,5105238b8760853dca76db3770a839fd,version_absent;name_present;normalized_text_diff;duplicate_repo_name
repo,20260910133500,fix_first_kanta_before_second_kanta,false,false,,2882b997167056642e15184ecead5c7c,5cef46a247e0c6fd8b671ec3a1451dd1,version_absent;duplicate_repo_version
repo,20260902170000,postdeployment_advisor_cleanup,false,true,,c11c5325311a8fbaaa981a5acf5255fa,5900fda526ec892dd78592fbf1f62980,version_absent;name_present;normalized_text_match
repo,20260831004500,0025_protect_warehouse_history,true,true,,0fe796facf4fd12c6635858486f46cbf,ab5448014874b6d1bf5a30d5696fede8,version_present;name_present
repo,20260902141139,manual_journal_reversal,false,true,,ad597b30efb18352560a9e255012761e,508800f648a9dc09a595721035d1d82a,version_absent;name_present;normalized_text_match
repo,20260916131000,finalize_purchase_payment_net_balance,false,true,,409fe3819a9ad219e69ef3a4db2a5742,07930c6845d983fd2d71bed4d4ef6e82,version_absent;name_present;normalized_text_diff
repo,20260911230657,harden_general_cash_bank_transaction_rules,true,true,,88f2b1bdd427ac8e15842c76225e7864,f0b6f038b2efd45ac2053adde534f8ff,version_present;name_present;normalized_text_diff
repo,20260916143000,activate_tenant_approval_engine,false,true,,85d1ca397e9a249cff1d223c4fba8328,067127c02f133744ca2f80bf12f5050b,version_absent;name_present;normalized_text_match
repo,20260916123000,remove_redundant_covered_indexes,false,true,,f95c185fa3b56aaed8b633877ae80971,dfaaa310377a5e4d21c454a7005d8171,version_absent;name_present;normalized_text_diff
repo,20260909192351,company_owner_party_opening_balance_creation,true,true,,00bfd744719188c30691b64775bb2a1c,d0918f3fec2799c15f6ab7168b3cd4a8,version_present;name_present;normalized_text_match
repo,20260904151537,add_auto_urdu_master_names_v2,true,true,,398aac2cd51bf8605c157c3ae04ce2bf,3f514f3c428cbcb06716bd674c83c71a,version_present;name_present;normalized_text_diff
repo,20260901183000,0041_link_hawala_to_main_invoice,false,false,,e677c1a1f6a177695ff87f86ed656c88,3c34db46c058e21aee584e49e06d9b78,version_absent
repo,20260910013000,gate_pass_bilingual_loading_instruction_master,false,false,,e4b962ab426c44569848507c026222d0,32392a99d1216893fd1cc082623b9075,version_absent
repo,20260830083000,0007_harden_sales_godown_posting,true,true,,6bdd329c79354a8911053df4a1761ffe,282f14630d8c13e4f3831026d9b99fba,version_present;name_present
repo,20260909194600,allow_sales_charge_purchase_treatment_null,false,true,,5eb1ca0d690d035417c9b60cba48825c,97cc216039da23c29e44d986d743a939,version_absent;name_present;normalized_text_match
repo,20260912221500,scope_accounting_periods_by_company,false,true,,4966887c9022c49d66b66bf65b4c7b53,195e5faed59ae4d24cde98009a81a930,version_absent;name_present;normalized_text_match
repo,20260916203000,inventory_advanced_controls,false,true,,03f970cad494507ddf20630f8cfb2de5,d09653bad18bf3b4dd8c78de07ddafff,version_absent;name_present;normalized_text_match
repo,20260913075000,revoke_client_truncate_privileges,false,true,,447783fff943894644a1d5b3a14d47a8,1f0ed3c5f41997d5609b7fbca8d81c34,version_absent;name_present;normalized_text_match
repo,20260909050202,purchase_order_number_integrity,true,true,,773ec176a8a3c45c2772c659e219e9f8,cf3f21c5495f7a67dd45b0e2cec607b7,version_present;name_present;normalized_text_match
repo,20260916133500,add_export_to_role_permission_matrix,false,true,,cf13300acf1da6293a31cee4eaeb23f3,74d81ca99c24e4f3558726047cb4133c,version_absent;name_present;normalized_text_match
repo,20260830235500,0022_harden_uom,true,true,,057fbadb2a31aa18825c447ca514db16,25644f3b60703746507f2454f08730bf,version_present;name_present
repo,20260909055700,extend_charge_master_exact_bases,false,true,,baa27c84fec9003e1bebc92cd52a4dc2,681c089e2d9d5013ca9a2f74e6122754,version_absent;name_present;normalized_text_match
repo,20260909044312,canonical_sales_invoice_type,true,true,,196caaf70510059330e2aa4553a1d210,0f3695bed3d60353d68a79b86fefaae3,version_present;name_present;normalized_text_diff
repo,20260911230000,dashboard_live_financials_and_preferences,false,true,,d84ba69f34a997c6edc940eae0efacaa,905c04968eeb900d0a17fc4aace012d7,version_absent;name_present;normalized_text_match
repo,20260830231500,0019_harden_suppliers_security,true,true,,337fb66e792da4122dded6beec7f774a,8e6b040f6aad9005747368c3aa75f235,version_present;name_present
repo,20260912222500,harden_fiscal_year_close_company_scope,false,true,,2b7343f17df3157f6bbc7e1bed3b123d,ff28c23f7f52a8a0ea95b38ffe3a4a63,version_absent;name_present;normalized_text_match;duplicate_repo_version
repo,20260908212644,enforce_purchase_tax_source_document,true,true,,65737e04a8da7122ff9b1a1c7d8093e1,31d9f90bac469360ce3ea9d169421c0c,version_present;name_present;normalized_text_match
repo,20260912151500,employee_salary_slip_foundation,false,true,,3ddc96dc87140560f785f19fea785f07,9319c2eb52448a7b9eabfdc38c2a3d5f,version_absent;name_present;normalized_text_diff
repo,20260910180500,gate_pass_configured_tolerance_single_validator,false,false,,8de5ecc820bdb0f8729bf42cef03ee58,89f21705c11b2c66d4240a03fa5770dc,version_absent
repo,20260911142500,dashboard_live_summary_add_six_month_trend,false,true,,9837d8bae1e2965e183d3792a7a83ed9,800cf989b5e9f57d4e3c8f50fca91a9e,version_absent;name_present;normalized_text_match
repo,20260903195458,add_purchase_vat_and_input_vat_posting,true,true,,f8875f7d4886d2e30bcc13893cc32309,a10b0d9c1a72b4e37fb09acc703197eb,version_present;name_present;normalized_text_diff
repo,20260902133200,atomic_bulk_journal_import,false,true,,993a9e28bbbba9f1b9e559666ba4e5cb,86f519ba229f096b151ce37ed9d25d99,version_absent;name_present;normalized_text_match
repo,20260901172000,0038_consolidated_stock_only_engine,false,false,,fffb5b38618793fe6fc362849f33f52e,fd0602325cf1273596296a5c015bd45f,version_absent
repo,20260910001500,manual_gate_pass_token_loading_workflow,false,true,,16cabb77a5b6df7dad21bcbbe7e6a5ad,4e99ef4de4fdb8eeba7cc9ab0b7037aa,version_absent;name_present;normalized_text_match
repo,20260902124021,standardize_account_mapping_keys,false,true,,9c41857da05da5bcd8e611f0315fc2f1,2d5defe975d34b808620cf574f626a5e,version_absent;name_present;normalized_text_match
repo,20260909122000,platform_owner_order_book_migration,false,true,,16f4fdb3012105892af3ab0165d6ca92,05f05f9b1a13359f672b2b80188102e3,version_absent;name_present;normalized_text_diff
repo,20260913073000,make_payment_compat_wrapper_security_invoker,false,true,,768095787c701a266994e587315fe3d4,08f44b64830344c58dd7d2613f59855b,version_absent;name_present;normalized_text_match
repo,20260830090000,0008_atomic_purchase_posting,true,true,,c8fc409d10acbcd24caf37550754969c,54749d4955e8ef39319cb917e3a7faab,version_present;name_present
repo,20260917115632,preserve_posted_document_names,false,true,,e3b3d8e92c4f789c0853c6c464a8f254,2431783934b198afcca2a0092a8244b3,version_absent;name_present;normalized_text_match
repo,20260913080000,strengthen_document_number_uniqueness,false,true,,0a229094309669e683dbd26e6b23df3b,36ff359c808c131d70f401ab0a54cc0f,version_absent;name_present;normalized_text_match;duplicate_repo_version
repo,20260910161500,configurable_gate_pass_weighbridge_tolerance,false,true,,9c835cc63266dfda387a2a1d1118920f,f881caf188f261ff25a481d924fd489a,version_absent;name_present;normalized_text_match
repo,20260908150500,fix_consolidated_purchase_line_parent_scope,false,true,,1493289e082aadbd571b9a289e4fdbaa,f48693dcf3ac3065a18cdb6f3aa62fda,version_absent;name_present;normalized_text_match
repo,20260912224500,harden_opening_balance_posting,false,true,,74a5cdf94625f1f32befca6dd61bd1d4,1c07c186068cc6d433a89def5f019d0a,version_absent;name_present;normalized_text_diff
repo,20260915170000,yearwise_consolidated_sales_invoice_numbers,false,true,,30cc9c96bc77955f9c0c75c2be5ef244,78cedb4b1f5264b182c9eef5d6f583fe,version_absent;name_present;normalized_text_match
repo,20260903234500,enforce_fixed_tax_and_charge_rates,false,true,,79e818b0c6b313013aefe9c9fc093298,fcabb6c0a788b89de45ad60d362a91d0,version_absent;name_present;normalized_text_diff
repo,20260916233000,manufacturing_accounting_activation,false,false,,9e113bc4d7fc15a0557e649c0af50584,680a176c7dd4537e15ab819a8f7d594e,version_absent
repo,20260909170000,modular_business_lines_transport_foundation,false,true,,7de6f55ca21d84e9c6f08135cf896759,70aa3a5d18477835b5eb41c6e485b394,version_absent;name_present;normalized_text_diff
repo,20260912214500,fix_bulk_journal_import_company_data_owner,false,true,,e1ac7ff95d697f81e4cc79a31d1b3794,97bb67ed3913af625649e466d4a8c60b,version_absent;name_present;normalized_text_match
repo,20260911165500,dashboard_recommended_defaults_cleanup,false,true,,af306bf319b7ccd897f5098a773ea81a,1bb0be3d2f1b3d13699538439bd73005,version_absent;name_present;normalized_text_match
repo,20260908173500,fix_purchase_consolidated_selector_v2_tenant_scope,false,true,,52b9b1cd78e8577c9eade732d70fe96c,f6448e622a408bc8f18e595392c6acde,version_absent;name_present;normalized_text_match
repo,20260915183000,priority1_posted_immutability_rpc_acl_rls_hardening,false,true,,845bced76c2996d8fb2ae1159f9c1457,9d8c0e561dc1fe4aee11c7786f867c69,version_absent;name_present;normalized_text_diff
repo,20260911225445,harden_cash_counter_payment_account_rules,true,true,,fd6d2e81cd5a0ea430f93c180ee5a6ad,60222e1be4ef486ed91252ac7d5e94fa,version_present;name_present;normalized_text_match
repo,20260911164000,dashboard_live_summary_and_preferences,false,true,,09d40dcfd7d3d6fb3a2d3758571e1339,21791ed613067bb0342842a79e24fa0a,version_absent;name_present;normalized_text_match
repo,20260916103500,require_master_edit_for_urdu_backfill,false,true,,b6f22762548c30cbed63e42c819f89a7,c1db8a482db8694042ebab825b8a6731,version_absent;name_present;normalized_text_match;duplicate_repo_name
repo,20260829203000,0006_sync_live_accounting_engine,true,true,,9ed66577bbab2250db0caaecadeca441,c933dc7e59315d4d46c4e72ac3598312,version_present;name_present
repo,20260909191923,canonical_authenticated_context_resolver_guard,true,true,,7d3edba6dbddc8a0a9f4cea8f4edded0,ff44a1f4d6d638d5601e9f0b30158682,version_present;name_present;normalized_text_diff
repo,20260830173000,0011_purchase_order_number_generator,true,true,,15060fdb072a308f1844d3fcb9a74f1b,de44548a1adaf34567594977a5a86f28,version_present;name_present
repo,20260913003000,restrict_runtime_languages_to_supported_set,false,true,,9e05d70e7cd90d23711cdd243bfb9c12,414ebaafba49a6001ef056dc827af7d7,version_absent;name_present;normalized_text_match
repo,20260905145500,dedicated_business_workspace_logins,false,true,,4cf303cf0350d3bbaf4d574b6526ba38,91d350c75d19df3066d16ec011d5fec3,version_absent;name_present;normalized_text_diff
repo,20260824220000,0004_coa_foundation,true,true,,eb99fc740b3635c1c651f49099d89842,f715deda22f4cf53f63dc91a1e1ffcc7,version_present;name_present
repo,20260831010000,0026_harden_stock_engine,true,true,,c9dab447e1ad24ced3641ad0bec8fcd6,1c76cfa5aaa1f0bc0a7aa28df66ddfaf,version_present;name_present
repo,20260916051519,scope_master_uniqueness_by_company,false,true,,02590162cffe26b73a847758cd86f4ae,5f8de52685b08abbb198352636eeb928,version_absent;name_present;normalized_text_match;duplicate_repo_name
repo,20260904134412,freeze_normal_sales_line_costs,true,true,,2a55dc512f2f9e49571440d1cf8fbc29,958032a561c0793827ce46572a245261,version_present;name_present;normalized_text_match
repo,20260912211500,allow_service_role_company_resource_limits,false,true,,45690dd1cfdcc88bca4db30b2c869804,b3eeb50eb520c5e39dd2f72d47adab96,version_absent;name_present;normalized_text_diff
repo,20260917053833,revoke_remaining_anonymous_tenant_report_access,true,true,,20ed950d2f5f07036cefd90df855470a,43189e407f37ab4f498865cf12b8f3c9,version_present;name_present;normalized_text_match
repo,20260904150151,normalize_future_party_subledger_links,true,true,,a68bc81ef8feb383f66604bd6c1e0dbe,e8216fb71456ae986095c412dca2fdbb,version_present;name_present;normalized_text_match
repo,20260916231000,seed_inventory_posting_settings,false,false,,11856600e2acdb6587b45ed709e28af6,5abc97b45fb155c35415e6bc4452bd3d,version_absent
repo,20260904183000,add_owner_party_creation_with_opening_balance,false,true,,9ba606b3b2b0fed807f1335a17d32008,174105e049e84e7a8cf167988aa51c9b,version_absent;name_present;normalized_text_match
repo,20260912232000,harden_payment_reversal_branch_and_reconciliation,false,true,,7e35f716a105dd38c19f4b973b45027d,b6ff607cf48d2f74e04a67455701c77c,version_absent;name_present;normalized_text_diff
repo,20260830220000,0014_sync_customer_ar_rpc,true,true,,084b0fd51ceedb2dffe43ceb936c743e,a34df1c880a54bd7724aeb329b1273e4,version_present;name_present;normalized_text_diff
repo,20260911131500,report_source_of_truth_hardening,false,false,,13a05179c94050e74697f495408d83a3,1582322a28fe6586a060586ff68321d6,version_absent
repo,20260904151609,improve_auto_urdu_dictionary,true,true,,1b11786025f39cff7461089e31460842,ff1f633180611c80ff13ed3510cc2b49,version_present;name_present;normalized_text_diff
repo,20260908134500,add_safe_payment_voucher_reversal,false,true,,32fda22b389ba6f2b0ed210f3f0b8fe2,96fbab1381054e73f75a616dc065deba,version_absent;name_present;normalized_text_diff
repo,20260830213000,0013_validate_purchase_charges,true,true,,9947a824825f1e80cbab8ae882dc6e46,497ca4d8666f850427790e582c9b7159,version_present;name_present
repo,20260909045612,restrict_internal_assertion_rpcs,true,true,,417ad8e59826660fd8035381a9f6836c,21e50c9a64fdd47d14a0e624046831c9,version_present;name_present;normalized_text_match
repo,20260904170000,platform_owner_opening_party_balance_import,false,true,,07278eb2ad2b3d75d41f87df33da9b0e,880838c4ee732ba8333d80d7d822c99c,version_absent;name_present;normalized_text_match
repo,20260909192500,restore_authenticated_assert_module_permission,false,true,,2ec59b5a793e0243ec628e734c0faf14,47438a728c6dd2b755a1d268da248126,version_absent;name_present;normalized_text_match
repo,20260913061500,commercial_security_hardening,false,false,,622e81928f4ccb8baf4bf6c569e873aa,93b483db1b4f7760f8ea6ae8679426f8,version_absent
repo,20260916152000,activate_commercial_document_traceability,false,true,,fe2d43799f93f6be11b0bb096fa367e0,74411f45080f27fe6ef24019057c5462,version_absent;name_present;normalized_text_match
repo,20260830223000,0016_enable_customers_rls,true,true,,4cc2395143a9b7b8891417e3fab55e17,e0df48050046789a15737de9adb3b724,version_present;name_present;normalized_text_diff
repo,20260831000500,0023_harden_categories,true,true,,dbc3cb900c693918e854b2cdfbad422d,e31e80e469e4c994e60d8842c2af8125,version_present;name_present
repo,20260912134000,order_payroll_accrual_before_payments,false,true,,7c34cb9896f4d73712d2832cb207d224,d5f4188ffb81a2d647a32c555dc68013,version_absent;name_present;normalized_text_match
repo,20260908062000,allow_company_legacy_owner_for_trusted_journal_creation,false,true,,b8fe7a1232ac5b3a923556ec18fd16f7,cadbdfd798d0867241021541a1fc6c10,version_absent;name_present;normalized_text_match
repo,20260911220000,final_management_reporting_period_mis,false,false,,56991a61cb0c7507f2d010a75ec27b15,c19fe87e38588632ded13204504b2add,version_absent
repo,20260830234500,0021_harden_items,true,true,,ffc3a037e7742744d34d84108559c719,c4aaacf061208d1a4e1e65963da6dfb5,version_present;name_present
repo,20260910121000,gate_pass_final_weight_reconciliation,false,true,,de79c9562a76af732e43ed866ace19b8,644aec331638b018a4d0b415c635999e,version_absent;name_present;normalized_text_match
repo,20260908212045,fix_sales_discount_party_ledger_duplication,true,true,,6f6f83b9b0e4e2fe7ac6db5dfd709073,ae19a848271fa25c387dca8bbf3eae38,version_present;name_present;normalized_text_match
repo,20260910090500,lock_gate_pass_token_after_loading,false,true,,711558ff557e018fc2e9914055a31e7d,e331a5331b89d911070000dfdb162512,version_absent;name_present;normalized_text_diff
repo,20260831030000,0034_lock_stock_tables,true,true,,87ad5b27c58fb640a2dc2825018c5f04,d8d9c0b5579072d94885d177c202b3de,version_present;name_present
repo,20260913143000,add_company_country_jurisdiction,false,true,,35456d2f09124c1c26dc3cfd14596f78,7bc85f7d3ff3d167ae388395314ec71f,version_absent;name_present;normalized_text_diff
repo,20260909185930,canonical_pre_uat_return_note_guard,true,true,,2db6513e152eaddca1a95627e911c110,008f03c8d3697b71597b86edf14b12fe,version_present;name_present;normalized_text_match
repo,20260905102000,finish_business_unit_audit,false,false,,b5a50756c15cd5d4dd62ea096fd38a8f,bfa99c937286fef94a4b0dd8e280cb2a,version_absent
repo,20260908194000,safe_delete_consolidated_purchase_draft,false,true,,fdc650b60b65ca67f7b04ec373441f5e,ec030bd8333bfed9f49bb7fb6b0edc9d,version_absent;name_present;normalized_text_match
repo,20260909044622,canonical_consolidated_sales_invoice_type,true,true,,c41bd60ac67fbea24d7433920efca54b,d4ff41371b3bb2c1f558b5ba94430c50,version_present;name_present;normalized_text_match
repo,20260901180000,0040_hawala_freeze_inventory_cost,false,false,,a5fcb2a7491097a908935b1f4ec3bcc3,08d3421754b297f4d66a7f9d9281146d,version_absent
repo,20260909132000,reset_preserve_only_opening_baselines,false,true,,2422f1a16dc8273a64ed4213604838be,5d11ec292093ae2c5c569fce8b3a2c8b,version_absent;name_present;normalized_text_diff
repo,20260911213000,default_english_language,false,true,,4712cbab4591229d18c729fbd9ff4243,02eeec07d1923c208cae96e9a985b931,version_absent;name_present;normalized_text_match
repo,20260910160700,gate_pass_enforce_reconciliation_at_second_kanta,false,true,,cb2899e37c951f376b8d5376a4139fde,314fdad714c08042ac3f65b6a31a2520,version_absent;name_present;normalized_text_match
repo,20260913134500,add_company_language_settings_rpc,false,true,,824382b6581064aa9cdcf8acabd470ee,56fd0e7ec5fca0778a098337374602e8,version_absent;name_present;normalized_text_match
repo,20260830221500,0015_harden_customer_ar_rpc_permissions,true,true,,b9a5eeb87cb2c3c04b1b24486f445c03,41257d05e23d016b29c2981dbd127910,version_present;name_present
repo,20260831024500,0033_gate_pass_location_links,true,true,,5d88d039d5834bde4d9e673aa72e62f5,e8c5e51643e832f3ffad675778080aa9,version_present;name_present
repo,20260904133532,fix_sales_financials_cash_and_bank_receipts,true,true,,2c9e396a2a244c804fa3bcc4bc207404,43ce5b1692b68d4bded2ae44df1f821d,version_present;name_present;normalized_text_match
repo,20260913071500,align_backend_business_unit_permissions,false,false,,fde20938076e0d34e53fa5e3966eec41,e65186939866f00980af10be7ddae144,version_absent
repo,20260831023000,0032_harden_cutting_gate_pass,true,true,,3ff3fa00443ac179c9351b2e1c170cc1,801c50f325baa09d72f7dff5003cf6e7,version_present;name_present
repo,20260909234000,gate_pass_staged_dispatch_workflow,false,true,,0fd3f219aeae47e82281933b1fdb1c79,6f751d48543f7d13866709769cf4413d,version_absent;name_present;normalized_text_diff
repo,20260913081500,enforce_branch_read_write_isolation_on_operational_tables,false,true,,ea0bacfdae893ccd80e5d89696baed22,3c60bc18ce5a0c3e7c643deb905bb39f,version_absent;name_present;normalized_text_match;duplicate_repo_version
repo,20260821163309,0001_initial_erp_schema,true,true,,21bb778efadfd6513fab1b331095cbf2,d55c5b6cdc433f4b375586b44e7ae2b4,version_present;name_present
repo,20260916230000,inventory_accounting_journal_bridge,false,true,,27335f02c166ce8ff8c945b730d3d788,4b67ba183acf64ae3b729b6f9659cb95,version_absent;name_present;normalized_text_match
repo,20260910103500,gate_pass_loader_master,false,true,,71c4b59c84e1f141950c8b0fe39b7001,ed33dd3deb109acd5a678a14881d42a1,version_absent;name_present;normalized_text_diff
repo,20260916104500,restrict_purchase_line_delete_to_draft,false,true,,1d31360604921084d47137d1fd4d54fa,8bd8aed4294b6a409378cd5ad48254db,version_absent;name_present;normalized_text_match
repo,20260908172000,fix_purchase_consolidated_selection_tenant_scope,false,true,,631e72588729b391039add40fe4eb486,7c71565dd826d1471ebf6a3c84702230,version_absent;name_present;normalized_text_match
repo,20260831011500,0027_preserve_stock_return_types,true,true,,89aec5e01ad01720a0b0b152fc3119dd,a9c1187e39e31beaa2271b9dc1e35128,version_present;name_present
repo,20260905021000,business_unit_rpc_report_hardening,false,true,,67087c0f59e3a41b2e1d9099ca49b5b6,eaebcbf332e4e7f6a6368122c1c75931,version_absent;name_present;normalized_text_diff
repo,20260908135500,unify_customer_receipt_rpc_overloads,false,true,,b9990e4dc98722b6c6dcb2239b0a334e,3e86c286371844d16abd1eb02aaaf86c,version_absent;name_present;normalized_text_match
repo,20260830233000,0020_secure_master_data,true,true,,f6fe7390a4f8826f81fa07e633f45a0d,fe4508736eba577f2a8d59fe4b24bd32,version_present;name_present
repo,20260909082000,final_rls_and_foreign_key_performance_hardening,false,true,,e5160236ed63f21f3ef0e496f8705c88,3116d7916b300de88f1edb1d09fb8e8b,version_absent;name_present;normalized_text_diff
repo,20260904110115,fix_tax_rate_user_default,false,true,,686598941995e33b3f40910daa392c1b,0435deb07209c526a2cfe8535bb46335,version_absent;name_present;normalized_text_match
repo,20260904134437,harden_supplier_payment_company_scope,true,true,,8b83bdac5d7902b4aafac4c43b6496cb,f1a187d2fd0e28ba5c35e7e54add813f,version_present;name_present;normalized_text_diff
repo,20260905022000,business_unit_parent_child_consistency,false,true,,2b5b2465ac0f880d5eacacdedf619cd8,fe809fdd778c0139c4b9b95a5f816b51,version_absent;name_present;normalized_text_match
repo,20260912205000,company_admin_access_governance,false,true,,0df3fb9b3e51606ae2001f0a331dd1d9,a93ec4998482fa1381d26e2d37babc73,version_absent;name_present;normalized_text_match
repo,20260919230000,scope_language_entitlements_to_pakistan_en_ur,false,true,,7e10d9dc6247c5a0d87f4766c4b43e8c,d7240f442d6f9c4b56b67893e32aaaf0,version_absent;name_present;normalized_text_match
repo,20260910133500,gate_pass_controlled_reopen_for_correction,false,true,,ff6630a39ee5b7cbbd5664e83ca84be5,7e222beb114fb143694884dc74a02cd1,version_absent;name_present;normalized_text_match;duplicate_repo_version
repo,20260909092100,add_item_weight_per_piece_for_commercial_calculations,false,true,,5235f8106da1efb079a8aec50d8d677c,64335ebff7e33eaa7a87335e76543f9c,version_absent;name_present;normalized_text_match
repo,20260902134400,allow_system_audit_rows,false,true,,e64b3828d776f48f5c7c75c3b7ef2600,7cc4b71629eda965a4c945e84914cea1,version_absent;name_present;normalized_text_match
repo,20260908174200,enforce_sales_post_business_unit_scope,false,true,,afe34bfdec8e4cc1d5314fd6b31e0b00,38348bc1cd13d4fda6ee7a434bfd6e33,version_absent;name_present;normalized_text_diff
repo,20260831033000,0036_supplier_payment_engine,true,true,,81a2327c2ac67dfc3199a5a4859678d8,118ba6759d039468548d18793cb1b1a1,version_present;name_present
repo,20260913081000,correct_stock_approval_scope_and_validate_evidence,false,true,,f20acabceef95e6f85d9fae72a08cd0a,9958a91bf206eb6046ad0f824dea32d6,version_absent;name_present;normalized_text_match;duplicate_repo_version
repo,20260905004500,business_unit_platform_foundation,false,true,,d4c7f7c97a7a7256020957e78a7e9803,022a776dbbee73463e95f5ae3e76f669,version_absent;name_present;normalized_text_match
repo,20260912222500,harden_manual_journal_numbering,false,true,,7b6de0e984f3004251035e9a33238f49,c944ade5384b1db07764680fb7f02238,version_absent;name_present;normalized_text_match;duplicate_repo_version
repo,20260916165000,preinvoice_commercial_workflow_foundation,false,true,,13e23e0e551c7631dcb0184f3569ba29,7be941ea269cc43649ebd74d1ef934b0,version_absent;name_present;normalized_text_match
repo,20260902160000,complete_accounting_controls,false,true,,d9fe98152e2f85bc78338ade879e1583,ed69ec9c734b724c9677972f2dbab030,version_absent;name_present;normalized_text_match
repo,20260908211500,support_commercial_discount_account_mappings,false,true,,1d2c487e799c1f0e6dc745efcee728ca,006e82b0975f91540216c07186a5bd6e,version_absent;name_present;normalized_text_match
repo,20260908212500,skip_zero_value_lines_for_generated_purchase_journals,false,true,,a2ac246a185db6572fbcf6d032c60430,ffde3a7d43b095d7be0fa38127b4b9dc,version_absent;name_present;normalized_text_diff
repo,20260909191143,enable_amk_core_modules_for_uat,true,true,,6aa9472f7168fe3d09ad3b49b93d8817,7f8ac93a6f22ac5ac3a9f92e221cb4b3,version_present;name_present;normalized_text_diff
repo,20260912205500,enforce_company_resource_limits_and_branch_admin,false,true,,4d685811fee5b4ed1d1a97cf38ce6c50,54ec9277c4938f45157acd2be17244a8,version_absent;name_present;normalized_text_diff;duplicate_repo_version
repo,20260902140336,accounting_period_closing,false,true,,c971b9325d7880a66c128a34acdc6d96,865ee219b7e12ef7d2f418975130aaae,version_absent;name_present;normalized_text_match
repo,20260908211622,defer_supplier_document_hard_block,true,true,,282285cb650ac5107369b0ab87ff93eb,2d284f8a9da90d80ed3f5699bdca7147,version_present;name_present;normalized_text_match
repo,20260917062345,platform_owner_onboarding_billing_licensing,false,true,,515095bf35f08757d3999907f63b8d4d,1379531b3b41b352656222e1e237de85,version_absent;name_present;normalized_text_diff;duplicate_repo_name
repo,20260910105600,allow_gate_pass_pre_final_corrections,false,true,,e779dcd8cfe7f59603fece1dc5bace54,b976299d4119a4eea0835af8c44c3178,version_absent;name_present;normalized_text_diff
repo,20260911022500,management_business_reports,false,false,,fea6fe21295c38df2519b3f3e728893f,10bce093189b81a01ddeb17f06451ac2,version_absent
repo,20260912230000,reconcile_returns_with_payment_status,false,true,,c59499905ac4446d93197ce4f32689e1,c2ba34198eeddec687493c15355f7754,version_absent;name_present;normalized_text_match
repo,20260912205500,revoke_anonymous_internal_security_definers,false,true,,ffefa85596f1ed17879e74744b12a423,366f9a42907e5f9874729f2b32bde24e,version_absent;name_present;normalized_text_match;duplicate_repo_version
repo,20260914232000,preview_next_sales_invoice_number,false,true,,579540f63856a6d648dee4e9400eecfe,c8099a2fca7bd131c10d490530e7fdff,version_absent;name_present;normalized_text_diff
repo,20260902143500,credit_debit_notes,false,true,,15994c2b44bcda7c77bd7fe1a68e96e8,809302d266c00c48cbfcb730711f504a,version_absent;name_present;normalized_text_match
repo,20260830230000,0018_sync_supplier_ap_rpc,true,true,,559c9edc791bcee766017ead1c87cea8,faff2ec708aeef79aa1360ecdd3c98b2,version_present;name_present
repo,20260911124500,supplier_payables_aging_report,false,true,,100ae0b9062bb47fa35093faf1c4e4d1,b5575b11a164a5a39a8ee2fd797daa76,version_absent;name_present;normalized_text_match
repo,20260909191908,restore_authenticated_legacy_context_helper_for_caller_rpcs,true,true,,a3c8a78231e036b3cd37fee8920d77ad,2cb2586bb7c48df45c755f48e6cb88e5,version_present;name_present;normalized_text_diff
repo,20260908152000,fix_consolidated_purchase_post_tenant_lookup,false,true,,5ce2e7b43c0ff917306e627086619e2f,654f01c65b26bfda28bab1d1d99799bf,version_absent;name_present;normalized_text_match
repo,20260909082500,final_policy_overlap_and_fk_index_cleanup,false,true,,08446e06af532a5803b2ba20c32e6fd1,b7f5b8b2fed4010c9bc6a0433fded1e8,version_absent;name_present;normalized_text_diff
repo,20260909045336,commercial_line_integrity,true,true,,76ba1e9caecc8cecfe7a166c82d32611,f7540f459f55416b390aa6e8febf126e,version_present;name_present;normalized_text_match
repo,20260905140000,multi_service_core_accounting_foundation,false,true,,b66878b5095efc6539f724a47eedf011,177275b999593e268bd95563c60d97ea,version_absent;name_present;normalized_text_diff
repo,20260902090000,0046_hawala_aware_sales_posting,false,false,,1eff9c480d2e9e22e6ad67567fde231f,a7e63d2119c0de8dae77be221c5c7692,version_absent
repo,20260911172731,dashboard_professional_analytics,true,true,,a4633a873043d8b97e65527f9e7d2419,220c437fb88407325adc65afc0454388,version_present;name_present;normalized_text_match
repo,20260916193000,optimize_manufacturing_child_rls,false,true,,f4739b6717bfc42b2cd7dc3e11c8c14d,a0a62d9abf83554e0d6a99924cc1312b,version_absent;name_present;normalized_text_match
repo,20260904134545,fix_return_note_accounting_and_costing,true,true,,52dff92baa27f2e994e89f5463605797,7ee0f0a8121b0255628d0fd7766973ee,version_present;name_present;normalized_text_diff
repo,20260831013000,0028_harden_work_order_engine,true,true,,e4c321dc508265f9b6c7c11d97a46e9b,196ffd1b6a39956f776bfb277a621a37,version_present;name_present
repo,20260908215354,final_erp_security_standardization_phase1,true,true,,b8a1fe072e9a5700c76612bdd166b304,40882919e622adcde9ae506f56a1bd94,version_present;name_present;normalized_text_match
repo,20260917062341,platform_owner_onboarding_billing_licensing,false,true,,d41d8cd98f00b204e9800998ecf8427e,d41d8cd98f00b204e9800998ecf8427e,version_absent;name_present;normalized_text_diff;duplicate_repo_name
repo,20260909044702,canonical_sales_invoice_numbering,true,true,,320cef2dad60d380c0ea04b8c691a9c4,1de2d2592dd4641dc8d5a1dd13e15911,version_present;name_present;normalized_text_match
repo,20260912204500,add_owner_subscription_resource_limits,false,true,,4b1d17db3b807a5d56d46313e594fd9d,9dcf9c8b03305c47314a6d2a4ec9bf1e,version_absent;name_present;normalized_text_match
repo,20260913072500,protect_entity_translation_writes,false,true,,94d5c208031381af9435fb7c998c9132,bbcc94a0765e4b4375a106d5746433b0,version_absent;name_present;normalized_text_match
repo,20260913070000,fail_closed_future_workflow_and_document_rls,false,true,,8a625703529bcc951894453cb2397b15,eadc43d386adf399d2bb7d30f490be85,version_absent;name_present;normalized_text_diff
repo,20260916080000,priority1_service_role_maintenance_and_posted_immutability,false,false,,9e5c2981ea5c3c383934f0d0ca9d593e,94a3cc1f378a626714f5a5afbe0dd12c,version_absent
repo,20260828150000,0005_professional_erp_foundation,true,true,,396e237c3d9d5f31e7f38c4780f8a5ca,0409f94e3988de67ec4b1bfc9cdadb8d,version_present;name_present
repo,20260908212233,harden_invoice_order_rpc_anonymous_access,true,true,,5292be7a8f8c63222cf1db7879c946c0,571bc2f05fe9813954012cadf0778acd,version_present;name_present;normalized_text_match
repo,20260913081000,fix_zero_discount_posting_guards,false,true,,a7eef74c025375c321ce3462e12db848,2d0401a476f006791afea8b0f4afa187,version_absent;name_present;normalized_text_match;duplicate_repo_version
repo,20260908211253,invoice_accounting_and_statutory_parity,true,true,,a7a45e8f0a543d36b8366f4ad46cf0ec,5139fb96570c756befb8743e4eac022c,version_present;name_present;normalized_text_match
repo,20260831020000,0030_inventory_costing_engine,true,true,,633611e8349f2b58b1835e0ba6727599,1b41fe24e6b4464e7b9f6d2ffc2ea3ac,version_present;name_present
repo,20260905013000,business_unit_transaction_isolation_phase1,false,true,,51c6b48d64806675bdb6a3f524620240,4cccc5cb3d5da6315a9ac92b5f8ca5c0,version_absent;name_present;normalized_text_diff
repo,20260831031500,0035_customer_receipt_engine,true,true,,9bdbb1738df229f705a8b9327a02938b,bbdd408d9f901f863ab99e0e78917bff,version_present;name_present
repo,20260909233000,link_gate_passes_to_order_book_and_lock_numbering,false,true,,2fcf431abdbf37ceba7cccc0b4a92ece,f793da1b9a06df125d0aaaf1c0460cb0,version_absent;name_present;normalized_text_match
repo,20260905080000,business_unit_operational_hardening,false,false,,c3f0c5d23fb644960e946b08891ccea6,15ede4f9855313d4bd1761496b24e8a5,version_absent
repo,20260831021500,0031_connect_inventory_costing,true,true,,cdf261c777220764416ae623cbdb353a,96915901eb69008f2da086ebefe28b6d,version_present;name_present
repo,20260912223000,harden_journal_operating_location_scope,false,true,,5ceff2abd873454d622c6d81413bfb77,b154bd835322ac85c7435624d71c886f,version_absent;name_present;normalized_text_match;duplicate_repo_version
repo,20260911214629,harden_bank_reconciliation_bank_account_rules,true,true,,06b736b91596c2aa246f57b765e3c007,c232a4fbb0487a95c70add8d77a58f08,version_present;name_present;normalized_text_match
repo,20260821170557,0002_steel_mill_extension,true,true,,17b49a4f94d20206f8c6a739b42fcb90,63a4eb1d7625c1b8403496048c3009ba,version_present;name_present
repo,20260911132000,salesperson_party_performance_report,false,true,,ad127df8e0da49c2ec615149888812f6,6efc71ba1387505c0a517cf3fd9a767f,version_absent;name_present;normalized_text_match
repo,20260912155500,salary_payable_loan_and_payroll_ledger,false,false,,11c5c956fae4b431e134e272e29c8c5a,21436b0f7934c25268876f4051daa347,version_absent
repo,20260913064000,harden_accounting_configuration_rls,false,true,,f25d5c5a2add31df9585a7d6d85ed28d,8a99a1e8cde64ffd0749109c77b730a5,version_absent;name_present;normalized_text_diff
repo,20260904104000,standardize_invoice_classification,false,true,,9d44fb4a583ef537676963cf3236619f,79536321375e07cbd4adf6e40cbdb44f,version_absent;name_present;normalized_text_match
repo,20260902123000,live_schema_compatibility,false,true,,d2bbfa6458af8cb895c63a7ce1d5907d,f0ebc3d6d9e16cb5e535499bfe32447b,version_absent;name_present;normalized_text_diff
repo,20260902083000,0045_hawala_pending_stock,false,false,,663944263901ace2fa690bdd61a04d31,536b219bf63131a8102eb8e312b7e9fc,version_absent
repo,20260910103000,gate_pass_two_stage_weighbridge_workflow,false,true,,08a302edd2cb55eb2c43e7509e4bd83b,3a769818fa2601e5a2797ac70133fdaf,version_absent;name_present;normalized_text_diff
repo,20260913075500,restore_permission_assert_helper_execution,false,true,,821d16d779ff65100f1438c0ce2b2887,f20b61e4c0f362c55630c48301914f26,version_absent;name_present;normalized_text_match;duplicate_repo_version
repo,20260912223500,normalize_direct_manual_journal_numbers,false,true,,7d0a8c50fd74dc21f947fa2f1182a74c,aaa266eabcac8afda7482622e21a5f78,version_absent;name_present;normalized_text_match
repo,20260913074000,make_stock_balances_and_movements_rpc_only,false,true,,c76477d9f9c6520a7d634be26bf6d71b,db729d8760c2eef5d1565167da7315b8,version_absent;name_present;normalized_text_match
repo,20260831003000,0024_harden_warehouse_master_data,true,true,,4de727462c6b2bfb3e9914f013034030,16a7a7d7a011f4b081848e5e619c0ea6,version_present;name_present
repo,20260916125000,use_net_invoice_balance_for_payment_limits,false,true,,ff75c8d3a2fe1ae20c1d7193f13466cd,372ce3f45a404ed0eb456c34a831c3e7,version_absent;name_present;normalized_text_diff
repo,20260913065000,commercial_performance_hardening,false,true,,d737a0718a4610cb773ab9554b02b40b,76fad118dfae652db862a37add1af06a,version_absent;name_present;normalized_text_diff
repo,20260905161000,branch_workspace_foundation,false,true,,368b3f36c4bfe3dd7f8ab99457192298,8c3aff0d0e85c436ecd7df4f2427a149,version_absent;name_present;normalized_text_diff
repo,20260912233000,reduce_internal_function_execute_surface,false,true,,9098ee2a438e927d03441c403b8ca84b,31d445e3893ed44eace33fcf9cdb7146,version_absent;name_present;normalized_text_match
repo,20260913075500,harden_stock_approval_storage_permissions,false,true,,0fc2aee5c41b9489b879913ff77b4282,ee6df47643aadcc70fac576df5bf5908,version_absent;name_present;normalized_text_match;duplicate_repo_version
repo,20260915171000,yearwise_invoice_numbers_across_sales_purchase_returns,false,true,,c7155c7f71c4e02a1273fcc2b11451a7,0a8229a15294f5da96ad1fd17aa448d8,version_absent;name_present;normalized_text_diff
repo,20260904173500,optimize_rls_and_indexes,false,false,,cf337bb73396b1df982cf0a0e78f4009,73889f8f121502a083df94294c6aa897,version_absent
repo,20260916173000,link_preinvoice_to_posting_documents,false,true,,03cedc6fb6166db69057a16cf1c8294c,28c8e16741d3ff97404977b004643528,version_absent;name_present;normalized_text_match
repo,20260913082000,index_branch_scoped_foreign_keys,false,true,,be5eeb534fe9fb875cef0c1714b439be,25a78bb494ff8f4a9b017d3cfcf6e78f,version_absent;name_present;normalized_text_match
repo,20260913074500,make_platform_audit_log_immutable,false,true,,9ac1d1d52436621eb47df72ed969f93e,31be501743eae2f0984df81a4827e457,version_absent;name_present;normalized_text_match;duplicate_repo_version
repo,20260915171500,yearwise_main_sales_invoice_numbers,false,true,,843e3c484a06aad0e88cf01dce650d79,c8099c08047842d3333eff8b36a64319,version_absent;name_present;normalized_text_match
repo,20260912213000,enforce_unique_ledger_per_journal_line,false,true,,f6a8b5a02510e576840a1727bea1c865,d9ae6771d14d1ac4098e4c3e276cf867,version_absent;name_present;normalized_text_diff
repo,20260902134500,protect_customer_supplier_history,false,true,,eaa7022ff3b14ad38b4cc06f9f92effc,d955c9a6a359757a2bc48197035e453d,version_absent;name_present;normalized_text_match
repo,20260908133000,harden_accounting_payment_and_posted_document_controls,false,true,,8a8a5bc47789b9188c959d28c11597a2,7debf3216036fae8fcc149dddd735add,version_absent;name_present;normalized_text_diff
repo,20260913103500,complete_transaction_branch_isolation,false,false,,ecdc36d58dc4f2ee91e5b76870a0a34e,c96bad0b04c983a6731e98f5ec054c62,version_absent
repo,20260913080500,scope_stock_approval_files_to_active_business_unit,false,true,,05de92354f2dea9eea647fbbbd3f2fec,bfdf38e4de07cfe4720883229b6bb6b4,version_absent;name_present;normalized_text_match
repo,20260915184500,priority1_internal_rpc_acl_hardening,false,true,,30dace447aa39179a87e47747eee316e,0b04fa629162b5aee44a125b6e3dbb91,version_absent;name_present;normalized_text_diff
repo,20260912184500,normalize_account_mapping_keys,false,true,,e9abce16db71b8633d929490ae200201,51e56fcaaa9eca9bfc6ae580faaf7add,version_absent;name_present;normalized_text_match
repo,20260911193000,add_purchase_person_to_purchase_orders,false,true,,16bd0a5e8c05f07497a942afb1bbe8db,e4bf68268bd0e092668ed59119a278b8,version_absent;name_present;normalized_text_match
repo,20260912223000,enforce_journal_operating_location_write_scope,false,true,,54fedc67bc0dbd4c118ec4aea5d55182,5e4d37ec9c8a2173ecf6a0a4f373c4b3,version_absent;name_present;normalized_text_match;duplicate_repo_version
repo,20260917055945,harden_security_definer_rpc_defaults,true,true,,688f1fe9e0f40faa5404ed012fb6f1d8,2bbb209eb7a4f6011b8b2bf2898712ce,version_present;name_present;normalized_text_match
repo,20260902124757,harden_default_coa_initializer,false,true,,1497864367d25bf354ea1c9289690eac,08dda9ba1911637e32ff96057e4bfbc6,version_absent;name_present;normalized_text_match
repo,20260916190000,manufacturing_core_foundation,false,true,,10a78c36b200a312162584305bca3368,9da04e788353e162189d67504ea77c3b,version_absent;name_present;normalized_text_match
repo,20260909115242,owner_control_membership_and_reset_preview_hardening,true,true,,936f17acae0f14d4ea057eb9f6618732,272acc9178df74fabc722fde62689060,version_present;name_present;normalized_text_match
repo,20260904173000,saas_production_hardening,false,true,,39db5f4d638c5d9479bf58f592500f8c,ad0156d755fbdd2bb28707fba676d0c9,version_absent;name_present;normalized_text_diff
repo,20260916052711,require_master_edit_for_urdu_backfill,false,true,,d41d8cd98f00b204e9800998ecf8427e,d41d8cd98f00b204e9800998ecf8427e,version_absent;name_present;normalized_text_diff;duplicate_repo_name
repo,20260913080000,restore_legacy_owner_helper_execution,false,true,,86bb0826250782a1e30b196dd6ee1bc2,72d202fa6a67ce6a44a16379a8d5285d,version_absent;name_present;normalized_text_match;duplicate_repo_version
repo,20260831014500,0029_fix_work_order_relationships,true,true,,50c647d71a3bbdd5c534a4dfb6ace39f,7c943d574d042b78896c584c681bf562,version_present;name_present
repo,20260909045251,lock_canonical_sales_document_values,true,true,,6bb745c634149110dde3b6b0c750cb9b,05087837682aaf563ad0fb3c524e1f0e,version_present;name_present;normalized_text_match
repo,20260912143500,salary_accrual_at_month_start,false,true,,6688947d8852b6a4addd4621fd42e315,95354de15177bc97f4687a017ac070dd,version_absent;name_present;normalized_text_match
repo,20260904094000,add_company_actor_audit_columns,false,true,,a04308db4bd6d962c18c78737758926d,98a86625fb16838f0dd9b7163ae5dbb4,version_absent;name_present;normalized_text_match
repo,20260830110000,0009_fix_purchase_item_validation,true,true,,f75aeac64fecedb737a2e454730b9efb,0a7a7e736b147c4e2360f81d2ff84b5b,version_present;name_present
repo,20260909045635,restrict_internal_commercial_account_bootstrap,true,true,,a50e044b5153e4552837ddb6575394d9,e618a15bdfe13c7a25fc4c24507ea3ec,version_present;name_present;normalized_text_match
repo,20260907132000,charge_accounting_sales_purchase,false,false,,867121a6f2944adbdc1bd1f005323428,5db5100969c9d3a78f1aff75dc340f24,version_absent
live,20260821163309,0001_initial_erp_schema,true,true,140,40b4f06393c77ab06c987f0abb60fd20,89f012d852c43859cafbf014cdba9743,version_present;name_present
live,20260821170557,0002_steel_mill_extension,true,true,65,88e60a2d69590ac75f78819d993da57c,d748547ea029af8fc6b5234cf72ce376,version_present;name_present
live,20260822075433,0003_gate_pass_weighbridge_auto_posting,true,true,44,30793d4b4f58af52f39ba4b1b8077cc8,49436887cf4cfe3d0d38938ba2ff30a0,version_present;name_present
live,20260824220000,0004_coa_foundation,true,true,43,4c1df61b6648f7f2e9d4f62cb96f8910,56a2761aaf4f2d53e6078295dfbaddd2,version_present;name_present
live,20260828150000,0005_professional_erp_foundation,true,true,145,81fa8343f74b82b6f340d4acb4e02395,74dc86a08d4bd96fbaf052321abe73df,version_present;name_present
live,20260829203000,0006_sync_live_accounting_engine,true,true,14,ec87a29eea554a8f1abc55f532089807,9b5f758e182f927640abb0ea2c1c5f3e,version_present;name_present
live,20260830083000,0007_harden_sales_godown_posting,true,true,6,1220faf60f191a6f42e7ad3fd8fc693f,cf72e4cfcfdf84260a6272b2c9b471bd,version_present;name_present
live,20260830090000,0008_atomic_purchase_posting,true,true,3,ebe4193fa713fb5b0722cd7e0075f6a1,f32f74d7d3e0e92192eadcb157318a46,version_present;name_present
live,20260830110000,0009_fix_purchase_item_validation,true,true,3,d84418d7a39c5449b64b3209b8ff7e22,c1396daf8cc616e00459502a0d9c9a00,version_present;name_present
live,20260830170000,0010_purchase_order_numbering,true,true,1,7700a45c5c70460a5b19bcdb7520feb0,9dd2f9e0cf6b81a0657deb56cf9bd751,version_present;name_present
live,20260830173000,0011_purchase_order_number_generator,true,true,3,0e55206d63f7b9a211b3467baa25f62f,2fc117e6923ba96b17e64af6dea54041,version_present;name_present
live,20260830180000,0012_lock_posted_purchase_orders,true,true,6,dd5f663f0d3aa49d9a3cfd5b201d469e,f8715609e84ca14bbbc7b70fb6f90b02,version_present;name_present
live,20260830213000,0013_validate_purchase_charges,true,true,3,0576e47b72ee2519a40b1786b8ef32d2,94fa4936e472150b0c9dc7818e7cc385,version_present;name_present
live,20260830220000,0014_sync_customer_ar_rpc,true,true,1,920853af6407315d3a27ee2fcfc6bd48,22d2fb2e1c57a3a9588d09cb13441bc1,version_present;name_present
live,20260830221500,0015_harden_customer_ar_rpc_permissions,true,true,3,bfd4b91ed4ebb6c6e58a8b77b4d03213,22b44f599dcda2120a5415378dd3d160,version_present;name_present
live,20260830223000,0016_enable_customers_rls,true,true,1,d446e36246f6b0163904c6b28dc26420,6e68d601b0b2f094b28838e2c3cac0f9,version_present;name_present
live,20260830224500,0017_restrict_customer_delete_sales,true,true,2,5e33074d266954d13bd1aa8d735636aa,2497a87341896eacfd3ea46e7b9f5f5e,version_present;name_present
live,20260830230000,0018_sync_supplier_ap_rpc,true,true,4,fa5dc78a7c82228d3a1b9ee3d45bed67,6c1aea49e9b49843c22e5119380494c0,version_present;name_present
live,20260830231500,0019_harden_suppliers_security,true,true,3,bbf28a5a3c7c090ad5133f638214e134,13e2d8fa1c80c19678acc29d22eb5f63,version_present;name_present
live,20260830233000,0020_secure_master_data,true,true,22,904fded11820f9030a5368d5457b6e79,be2f6ee5bb5f6384307a7cda216a25de,version_present;name_present
live,20260830234500,0021_harden_items,true,true,9,2b07fa42a32b9e7f40d12a4d2355059c,62ada874d871e3d0da6c7c02dfb26b03,version_present;name_present
live,20260830235500,0022_harden_uom,true,true,6,55741ae7d95e7dbe56c162f3c9ca7d99,184cba82f51e3786701df97166e390a1,version_present;name_present
live,20260831000500,0023_harden_categories,true,true,5,c9a2d57d44703c608658f28cdcf18edc,fb876062da2ae7996949791bf162d527,version_present;name_present
live,20260831003000,0024_harden_warehouse_master_data,true,true,10,f89aefd80dfc2f417f4e5d5916798db5,01822258d452d3c330e6eb32978caf00,version_present;name_present
live,20260831004500,0025_protect_warehouse_history,true,true,6,ad3e258579a489f3860ba090c9a88524,7fdf4f6e5143b67add550efa9bff2f62,version_present;name_present
live,20260831010000,0026_harden_stock_engine,true,true,15,bfb6e7fd27e8483348fd935ff8780e68,9bfa522e5044db440f789624fafb8efc,version_present;name_present
live,20260831011500,0027_preserve_stock_return_types,true,true,6,2a60a4cbf0d5e73cc2132f5f94fdd69d,cf6dbcc88404130d8fd446e1caee338a,version_present;name_present
live,20260831013000,0028_harden_work_order_engine,true,true,27,a334914a1c8ecb09892d34137a6f6068,1f98d0aef1cf2014658e1e126117e135,version_present;name_present
live,20260831014500,0029_fix_work_order_relationships,true,true,9,61b003d526bf5ae3568ad790ee132f25,3c5b2079fdfac432d60e80dade6012fd,version_present;name_present
live,20260831020000,0030_inventory_costing_engine,true,true,20,e929daf7a8dbb7020a8a725edd952f41,6eb47adebe32ecfce8cb661d82899b00,version_present;name_present
live,20260831021500,0031_connect_inventory_costing,true,true,14,81b4d695dbf9031098c9a577a3ac7393,1b15c404ad655098bcc5cf1e98816d0c,version_present;name_present
live,20260831023000,0032_harden_cutting_gate_pass,true,true,23,7f1b508cbee9e958edb4d8f490c51c6d,85c34b501a2f600a6cffdacc598b3e19,version_present;name_present
live,20260831024500,0033_gate_pass_location_links,true,true,9,c300013215e044e97c5f9175805041b4,e9eebc1dd9ca0a99d2e0ea4971da1fb6,version_present;name_present
live,20260831030000,0034_lock_stock_tables,true,true,32,0bed067e0bf19b1ca29191fa8db27bd6,7bb3eb0d94fe145262935210a74c786a,version_present;name_present
live,20260831031500,0035_customer_receipt_engine,true,true,14,d6446d5f9c4e00fbc7d786db94a08319,a70302595bc8ed70b9ea4fbcc7e2014b,version_present;name_present
live,20260831033000,0036_supplier_payment_engine,true,true,22,708b1fc4e7f6d8a80b91ac8045207738,ff692cadf9cd4e9af93f722e17fd087a,version_present;name_present
live,20260831034500,0037_lock_accounting_records,true,true,29,a7afedb8dc13511a719c42baa261101f,af6544f25d9e748062f6759d77e27045,version_present;name_present
live,20260902203550,predeployment_backup_20260902,false,false,1,309c525f73b54e72e161f5d68f5146fd,9a3499148b3369e019b8cd0f1b909d8d,version_absent
live,20260902203814,live_schema_compatibility,false,true,1,81610a219c050f2c72b4bec6933fb58d,3a136c55dfb4d852983b3bdabb84fa67,version_absent;name_present
live,20260902203831,standardize_account_mapping_keys,false,true,1,9c41857da05da5bcd8e611f0315fc2f1,2d5defe975d34b808620cf574f626a5e,version_absent;name_present
live,20260902203835,harden_default_coa_initializer,false,true,1,1497864367d25bf354ea1c9289690eac,08dda9ba1911637e32ff96057e4bfbc6,version_absent;name_present
live,20260902203911,enforce_account_mapping_integrity,false,true,1,1a9adf8d508436c549183ec7ff5dfcba,274510abea00d40eab9d6bc1e9227fa6,version_absent;name_present
live,20260902203915,protect_mapped_account_lifecycle,false,true,1,d280fcda726ef5f1dde8291c87947d1d,f850ba2278600374d624c5ab1781b338,version_absent;name_present
live,20260902203921,atomic_bulk_journal_import,false,true,1,993a9e28bbbba9f1b9e559666ba4e5cb,86f519ba229f096b151ce37ed9d25d99,version_absent;name_present
live,20260902203955,allow_system_audit_rows,false,true,1,e64b3828d776f48f5c7c75c3b7ef2600,7cc4b71629eda965a4c945e84914cea1,version_absent;name_present
live,20260902204011,protect_customer_supplier_history,false,true,1,eaa7022ff3b14ad38b4cc06f9f92effc,d955c9a6a359757a2bc48197035e453d,version_absent;name_present
live,20260902204015,accounting_period_closing,false,true,1,c971b9325d7880a66c128a34acdc6d96,865ee219b7e12ef7d2f418975130aaae,version_absent;name_present
live,20260902204019,manual_journal_reversal,false,true,1,ad597b30efb18352560a9e255012761e,508800f648a9dc09a595721035d1d82a,version_absent;name_present
live,20260902204023,credit_debit_notes,false,true,1,15994c2b44bcda7c77bd7fe1a68e96e8,809302d266c00c48cbfcb730711f504a,version_absent;name_present
live,20260902204027,bank_reconciliation,false,true,1,81156a162be25e179c08143fa384d01a,c2a80228bf9e18e341a9ffed51b1f768,version_absent;name_present
live,20260902204032,fiscal_year_closing,false,true,1,fb9f3933186194f8ba5e9ec45c1b1213,bbe037fa44dd22a2d795462a4a7220ec,version_absent;name_present
live,20260902204118,complete_accounting_controls,false,true,1,d9fe98152e2f85bc78338ade879e1583,ed69ec9c734b724c9677972f2dbab030,version_absent;name_present
live,20260902204307,postdeployment_advisor_cleanup,false,true,1,c11c5325311a8fbaaa981a5acf5255fa,5900fda526ec892dd78592fbf1f62980,version_absent;name_present
live,20260902211046,fix_account_mappings_updated_at,false,false,1,9ee1ad662dd72ee3c41e6b7724445422,0c8e0b5bfd7e495163d4cf7bd7e1897c,version_absent
live,20260902211508,fix_idempotent_mapping_bootstrap,false,false,1,4c057147aa3f874ac9fede010fda1d38,12dcf4c80d9f09e06bddaf708c323100,version_absent
live,20260902212022,complete_canonical_account_mappings,false,false,1,9e4b067cc4ecd0958ca80b0757f5480d,183216f805de08cfbfd9457dc39d5b7e,version_absent
live,20260902214504,platform_owner_company_access_core,false,false,1,67ee56da672e6239a144535510c5e900,466eacdd407b8417d6bcba3aeef1120d,version_absent
live,20260902214705,company_owned_data_foundation_v2,false,false,1,902e1461222bf2fe104c0928d7240c40,d9ad43b7906523f6d3b71657b7dfafe8,version_absent
live,20260902214738,restrict_platform_helper_function_grants,false,false,1,a252d9aa7c38c0c4f7a206772bf2daa4,5c39dfa5dfc648f4e11f9b72b39bcb2c,version_absent
live,20260902214814,owner_can_read_user_profiles,false,false,1,004f3c6160a4faa3df91477d14ad9be6,e36e9f12202b4f9d1660e4671822a358,version_absent
live,20260902233656,bootstrap_second_platform_owner,false,false,1,f42a1f8630c27ed887629e6008357180,723d0fd0beb9e689eefe4de3544a0fa0,version_absent
live,20260902233722,remove_second_platform_owner_bootstrap,false,false,1,54fefdaf23aa9c880652568a3ca27c2c,63055c08a1c89154940b389b1e6020a9,version_absent
live,20260903004300,tenant_context_hardening_and_company_uniqueness,false,false,1,cf57f007099c2285a9aecbf31fc781a8,0caeca423f450ef9395765246da2e4ba,version_absent
live,20260903004324,secure_legacy_operational_rpcs_for_company_context,false,false,1,8375e56a3e4ab7160eb635ee767a825c,762415d56dc6a9ea8c7ceccd11aecd96,version_absent
live,20260903004524,company_scope_charge_master_and_legacy_rpc_queries,false,false,1,87ea7cc12b1a9656f9f40f5015a4a007,0ee73ac5873d7d91b21a91079d5593eb,version_absent
live,20260903004618,finish_company_scoping_inside_operational_rpcs,false,false,1,a4c5d7ea1cbf35c838ed4373e37f3b02,30f6250f31e0dbff4ce0b0d84773f0ab,version_absent
live,20260903010055,user_id_cleanup_and_security_hardening,false,false,1,b904b34fe5e513f5bf802398a9e4494b,c15daf53c8418605b5f98da51d4fac90,version_absent
live,20260903010205,fix_company_context_on_core_rpc_rows,false,false,1,10aac17940672c2f96ce52c527895237,5ef127460286b1bb1b0580d7a2705df5,version_absent
live,20260903010340,finish_legacy_user_id_cleanup,false,false,1,25b8984749d2c12e673532a6f5409b66,24b488ac1adc7229f7a7f34b4e471937,version_absent
live,20260903010514,quiet_internal_backup_rls_lint,false,false,1,39d8138d5dff1ac54a9057dd3c98bbaf,f155260a6c6f6f3534b9b0b16d99ce2a,version_absent
live,20260903053948,repair_missing_reports_and_tax_settings,false,false,1,6d6ae1759337292f0d7ca8aecd104990,2928bdb7add3a9de86713cb8796b670c,version_absent
live,20260903063305,align_settings_tables_with_settings_module,false,false,1,7408c67ad3d2e906c6745a52353e1c1a,3ec9cc36ed0491a689be6ac161bdcf98,version_absent
live,20260903065849,make_settings_uniqueness_company_scoped,false,false,1,6fe9e1edaf2a7555ec78969399df87e6,a3265530901167c7558b2114716271c3,version_absent
live,20260903072327,account_mapping_company_conflict_constraint,false,false,1,d696b6b5daffa6a11dba5a9a44742e2a,12933f2370e52b7916cd072c3e1f9fd1,version_absent
live,20260903081814,add_aging_fields_to_sales_invoice_financials,false,false,1,27bdff522c5a5b2c13ab4b80bf763fde,e8112fcde1379c0f7d7c9d6f69ad4008,version_absent
live,20260903120336,steel_stock_reconciliation_reporting,false,false,1,4f3e6d6732980d4e7c7185983bfc4084,96c720f80d97392d86a69f7339aacd8f,version_absent
live,20260903192031,complete_steel_stock_reporting_phase2,false,false,1,56136f64777716ef7fa939d2d759e884,9be3f5219d3b14ebfea2b8931b26a8a5,version_absent
live,20260903192805,fix_company_branding_storage_rls,false,false,1,30510175382f53ee98c36a4f3ae6d86f,18d17e218238352f49a608c26be449f4,version_absent
live,20260903194858,harden_accounting_production_company_posting,false,false,1,ee58fced7694b50170e398b09f1ad769,71e6eebbbf78595fa97bc6a253af64a9,version_absent
live,20260903195458,add_purchase_vat_and_input_vat_posting,true,true,1,7ece5ddbcd2326f03e8d1a0c861433ad,0904e03cc64e7a2aaee55dac6aba4694,version_present;name_present
live,20260903212641,unify_company_charges_tax_and_sales_numbering,false,true,1,ab7278adec092e8d8e927b674affbe1c,d79f462f2afe38847bdb2c7ed09426df,version_absent;name_present
live,20260903213101,enforce_fixed_tax_and_charge_rates,false,true,1,f7801d4bb8bef85efb071c1ffc699c24,4932b9bf6fa266bd21cfdb28cb285d4e,version_absent;name_present
live,20260904093916,add_company_actor_audit_columns,false,true,1,a04308db4bd6d962c18c78737758926d,98a86625fb16838f0dd9b7163ae5dbb4,version_absent;name_present
live,20260904105213,standardize_invoice_classification,false,true,1,9d44fb4a583ef537676963cf3236619f,79536321375e07cbd4adf6e40cbdb44f,version_absent;name_present
live,20260904110139,fix_tax_rate_user_default,false,true,1,686598941995e33b3f40910daa392c1b,0435deb07209c526a2cfe8535bb46335,version_absent;name_present
live,20260904112720,purchase_consolidated_invoice_workflow,false,false,1,2e255ab55aebbe1d14a4da1220b46cce,a98b53677150fb51241daffa491fee32,version_absent
live,20260904112808,purchase_posting_consolidated_support,false,false,1,d5e3dd20c945b4e1a69e4ef076befb51,663fed74240b8deb30831d928b2ee67e,version_absent
live,20260904113141,secure_consolidated_purchase_rpc_and_indexes,false,false,1,5df0f77b5083ccd948a8daf2d19e9ddc,9b53113671a1982fd32a431f2bb86ce4,version_absent
live,20260904115430,purchase_charge_accounting_rules,false,false,1,93f2d5bf8be436a4471109ff2d40c218,a4b2241ae1b60f1426baeceddd26e004,version_absent
live,20260904121151,add_invoice_line_descriptions,false,false,1,58014fdd9873664e1c6a46b8ff296184,6e425f048396e1d42605aa7e0d197eda,version_absent
live,20260904133401,enforce_main_consolidated_tax_type_parity,true,true,1,bc3d91e4ed73b4c63e4a259bd34be091,e3c690ddf237ca1f160dcc25bb6435f6,version_present;name_present
live,20260904133532,fix_sales_financials_cash_and_bank_receipts,true,true,1,5145bfe3c16e5ccd12e1d371e51c7b42,43ce5b1692b68d4bded2ae44df1f821d,version_present;name_present
live,20260904134412,freeze_normal_sales_line_costs,true,true,1,0263cc715834739d272b6b39f8a86e7f,958032a561c0793827ce46572a245261,version_present;name_present
live,20260904134437,harden_supplier_payment_company_scope,true,true,1,a5765b7a4fb8c9421703471c655b5d6a,9cf05fca1cb314df8b60ac26766231cc,version_present;name_present
live,20260904134545,fix_return_note_accounting_and_costing,true,true,1,f4e05761cd0641dd7c9206cdc2b2ee07,4066f155ddcb02eb2f16a76d0dc99725,version_present;name_present
live,20260904150151,normalize_future_party_subledger_links,true,true,1,c4b5dc1290031046a8481624514d466e,e8216fb71456ae986095c412dca2fdbb,version_present;name_present
live,20260904151537,add_auto_urdu_master_names_v2,true,true,1,d39aa33eb1e4b561753cfeb2143818e4,e7180d96241e4bc02dbf33c6066295b5,version_present;name_present
live,20260904151609,improve_auto_urdu_dictionary,true,true,1,a7a7e219e20893e7592183633027ae06,a46874782df5cf58646baa07620d9269,version_present;name_present
live,20260904161504,platform_owner_opening_party_balance_import,false,true,1,13a7f8dfdbc412c49471900464358de9,880838c4ee732ba8333d80d7d822c99c,version_absent;name_present
live,20260904162401,add_owner_party_creation_with_opening_balance,false,true,1,bc238d88719024d162036769e7ec1f97,174105e049e84e7a8cf167988aa51c9b,version_absent;name_present
live,20260904165202,add_print_language_and_safe_urdu_backfill,false,false,1,8b618a6ff84e6abb419364ad6fcde02e,5a0bbb50f3743e282ec2839a90fee41a,version_absent
live,20260904171248,saas_production_hardening,false,true,1,f5f984f85c24724077807eaee492f72f,5e32d1ae422b1f416ae504d06fa4037d,version_absent;name_present
live,20260904171301,add_missing_foreign_key_indexes,false,false,1,1de845d45a96438804ef05b37b359a88,c843a132cdf81e98e3f023abf88e923f,version_absent
live,20260904171321,optimize_rls_and_remaining_indexes,false,false,1,7031c7e66d7bda1505634d3778ec117d,156f6f4e84a08b060b9f8fab174e3472,version_absent
live,20260904210830,professional_transaction_reset_rpc,false,false,1,47b6eb8470bcf9289ca1b24fd28b6672,7f5d5de8e834ce6caafc5a9ff22e741e,version_absent
live,20260904210928,professional_transaction_reset_guard_bypass,false,false,1,416a091d39c96c930781b2a05d47c9dd,c10d6cd9b4c855938ff0da0ee75d6d3c,version_absent
live,20260904212147,fix_transaction_reset_missing_dependencies,false,false,1,3adce213cbd2bf13161bbacded2116d4,07799e373fc393ce94bb17d12278bfa0,version_absent
live,20260904212622,allow_tenant_stamp_during_platform_reset,false,false,1,870156d708fd57045bf5f95a8eb55d50,c1fde077875adb7a2ef01426d6b804b7,version_absent
live,20260904214724,business_unit_platform_foundation,false,true,1,b564220ad01f032c0ac214e50530415e,022a776dbbee73463e95f5ae3e76f669,version_absent;name_present
live,20260904220322,business_unit_transaction_isolation_phase1,false,true,1,e41610fd4095fcc442a03d96e4077d69,e94255c90bbafea66787e17dbf511014,version_absent;name_present
live,20260904220850,business_unit_rpc_report_hardening,false,true,1,0b4626c7ad5158a88e0d4296aa877814,6b41888444fa6a08937e5c9555263de1,version_absent;name_present
live,20260904220932,business_unit_parent_child_consistency,false,true,1,a7d7af076c822adad26188f0ee6ce740,fe809fdd778c0139c4b9b95a5f816b51,version_absent;name_present
live,20260904221619,business_unit_operational_isolation_hardening,false,false,1,b18e760454e74dd85b9ef40be63f16dc,c6242c8495188bbea3099a1160b5cfd8,version_absent
live,20260904221656,business_unit_posting_cost_and_link_hardening,false,false,1,9799487122bd5a704f049364f9ac290f,63c5628b09aa4b426a3241296e07cf5d,version_absent
live,20260904221853,business_unit_accounting_closing_and_reversal_hardening,false,false,1,ff2939e305f8ba4a53789709d049a249,bcfe96a26dbb47c9c28fe5147d345506,version_absent
live,20260904222110,business_unit_sales_stock_direct_scope,false,false,1,ff16f679cd31226e54c66eb89418c468,ddae476a69c01a475ffb5e8ac756d1aa,version_absent
live,20260904222125,business_unit_legacy_stock_rpc_compatibility,false,false,1,c5ff2962fa07b089830de5e6fdca9bc8,01c9bed8286d07888326f52c89f67745,version_absent
live,20260904222225,business_unit_posting_rpc_source_guards,false,false,1,86d9c860628abe3c5b5a7e59aa6009d4,d3083b475a71cffa79dda4886b9408db,version_absent
live,20260904222242,business_unit_reporting_and_bulk_journal_hardening,false,false,1,cef82b16d30959a0f564fc43264e9357,458d7f634c45a69b8652dae26a4708d4,version_absent
live,20260904222318,business_unit_owner_management_helpers,false,false,1,42877380b65b136751c5c51ec1bc883a,54580eca8c558e4a56636dcbebb178e2,version_absent
live,20260905071647,business_unit_remaining_trigger_rpc_guards,false,false,1,8a9a7df86534768960639ad5506210d4,3526a4e3f0d27137fa8ab8e748291c08,version_absent
live,20260905071759,finish_business_unit_report_bank_isolation,false,false,1,448fee9258b3331c30dff548cda3c7df,8508f33e0eae61838a169c4252c5cf53,version_absent
live,20260905071837,finish_business_unit_trigger_scope,false,false,1,dcd6812b6f9ae91b74f6190996f7d830,1bfb9e02984483e6e3ab892e2489cdf5,version_absent
live,20260905085907,platform_owner_company_delete,false,false,1,5820855d4fd26645b86000b5078b4c76,4d6e3ae496d99b4a9a1e77f902695609,version_absent
live,20260905103638,multi_service_core_accounting_foundation,false,true,1,355c9ef25e11e75cc7da74213b5736d6,be181b238591b844984b7c0f743c23e8,version_absent;name_present
live,20260905120557,dedicated_business_workspace_logins,false,true,1,dad4789b21d45260fd58b09055ed1207,2dbf83f315e53a3a9cdf7899e252af75,version_absent;name_present
live,20260905120607,auto_lock_new_workspace_logins,false,false,1,82d437e2f2829268e644e3688dbd724a,cb530b19ae8ec6d9db85a59d103d8142,version_absent
live,20260905131145,branch_workspace_foundation,false,true,1,277e14a5961b3d040500d2105f160def,df567c9d181f0818892f42c1068f8a58,version_absent;name_present
live,20260905190651,align_user_profile_roles_with_company_roles,false,false,1,8d48cf88aeabdd82131da0f8863f6c58,bd1d5a4736e1a8fb2502095485f598d2,version_absent
live,20260905194709,expose_current_branch_in_access_context,false,false,1,baeeae08d157b3beae3e5c63926ac5f5,154d8b21a74a51156587a565c6d4ec46,version_absent
live,20260905200148,grant_authenticated_module_permission_helpers,false,false,1,05db8f8ee01280229a7fcae629b87391,c357ca034d9eb1eacc89648250b30756,version_absent
live,20260905200430,grant_legacy_data_user_id_to_authenticated,false,false,1,3792a1343be853134aedb644def8ed47,e5962f621c20bdf69d52ffd6103367e3,version_absent
live,20260905205859,master_data_extended_urdu_fields,false,false,1,815bf82b19166e4010d9c93e530ffe6d,736b27ab66c80d329629dadff6e49882,version_absent
live,20260905211238,seed_amk_standard_uom,false,false,1,248cb5ff573d159e95e11eedb1928945,453db31d79b55c9f881d4487d390d78f,version_absent
live,20260905221407,fix_platform_company_deletion_dependencies,false,false,1,5ce29a3e623039f1a7a2effeeb3cfd45,fc19dcb90e6b726058f7b80be57a67ec,version_absent
live,20260905221955,fix_platform_delete_company_dependencies_v2,false,false,1,3fd3ffcdeddcc5edc4a396cf34887de2,72b6b7fa7ae35432af4f0a80fac671b2,version_absent
live,20260905222420,fix_platform_company_delete_all_dependencies,false,false,1,1efcb7e8e5d816f2f64403a3ca415fb1,08949b963fd9a7722137cd891fae0825,version_absent
live,20260905230216,remove_stale_payment_reminders_delete_check,false,false,1,29bcd234a873baa9fa9a357a0c754fa5,d2e79a8a054044da1b66c0d169941bc7,version_absent
live,20260906133907,employee_code_auto_generation_and_immutability,false,false,1,cde018551f1d5d44a4a8d1dbc6d21720,ae12354a61d4ee9f1c87053fe5051c49,version_absent
live,20260906143820,add_purchase_line_description_and_seed_main_godown_v2,false,false,1,10f794e0b23a392f5013c9c4a5ed7754,6567e50a25bdb3c116b098bf876f7079,version_absent
live,20260906143853,add_consolidated_purchase_line_description,false,false,1,1d271eb427c7c746dfe1b3c927b4a507,c0cc50150cee9f092b04d5c745ab65ae,version_absent
live,20260906154434,configure_amk_cutting_charge_per_ton_recovery,false,false,1,450acb7598c849684d9cda1185c1c30c,90b3af1e97f56392ad9bc96f1820d427,version_absent
live,20260906161422,add_global_language_preferences,false,false,1,03b0365dc425a175794caaf0190e2611,e7d108f784d946b068713ae9ed528fa2,version_absent
live,20260906161523,add_generic_entity_translations,false,false,1,c6761e3843515d82a28472aa9505025b,a54171a6ed9bd399eb40822fae8c6851,version_absent
live,20260906223502,control_manual_inventory_adjustments,false,false,1,08afc6ee6aaeb504fffa98df309c652f,0c42aeb00f07b2b3b9a29557df13c708,version_absent
live,20260906225112,secure_delta_stock_adjustments,false,false,1,2239409dce9649e7a3650f960c311651,1a22171363fc986bfda15812bebe4f50,version_absent
live,20260906225648,secure_godown_transfer_with_approval_slip,false,false,1,f4857a617d793d57d7f429ab8f5cceaa,399cc467b410983bbc98702ed12f2df4,version_absent
live,20260906230719,require_stock_adjustment_approval_slip,false,false,1,0d9981cd2b397caae98c36f92059bad6,32a859f196fe1d0f66fdbaf6c171642c,version_absent
live,20260906232419,commercial_invoice_discounts_accounting,false,false,1,733a896d1fc82ca480326aaabc6c6b54,10476d32f3cc94ff4d2de47ee20f9082,version_absent
live,20260906232948,fix_commercial_discount_account_mapping_conflict,false,false,1,ca76e947f7e3f471011bb19e978f58ed,d4765fd97c3f9427db59f1dd9b79916a,version_absent
live,20260906234341,consolidated_sales_charge_master_parity,false,false,1,d8f47f938f6938142e9e4fa8852f0e80,4c95dff02496c1aeecac2d578c73ebfd,version_absent
live,20260907074107,enable_controlled_cross_warehouse_stock_transfer,false,false,1,08d4f02b2c73be0bb653476f169836e7,d76fb2510d0d70e1b7b5a02fc4b83846,version_absent
live,20260907074902,add_stock_transfer_numbers_v2,false,false,1,76f203fa3e7d2e744e3d293e53438608,f96cc38d8b35d7a79e158ca2b263d841,version_absent
live,20260907080418,close_legacy_inventory_mutation_paths,false,false,1,12240a60e65cb86ecbbe8532f7c71175,712de4e5b920c18bfc6b52fb37d2d291,version_absent
live,20260907082059,finalize_inventory_costing_and_return_controls,false,false,1,e19bd5f4f89f5c34d62999121aaf76cb,a8c1a91a3130eb9e1cc1a24fec48dc16,version_absent
live,20260907102149,charge_accounting_cutting_accounts,false,false,1,b3cf4a1228f02b0a9955c721c755130c,af6b0f2c9168f8f8ebfdaeb54246a876,version_absent
live,20260907102206,purchase_charge_account_posting,false,false,1,47c7b2c63c06e0d79077cb75ad723e2f,9cd1eff22df6b498ca2d50a7784f8c8a,version_absent
live,20260907111147,add_order_book_rate_commitments,false,false,1,3b7fe9e6c8e954710d77b5e12e50c1c9,99a55ef1acc40ddca209a51d803b8fe5,version_absent
live,20260907111207,order_book_rate_commitments,false,false,1,af1eaf138a70ddd5f4ded08765dbde63,10e057cc67282cac09f8b562c81d38f2,version_absent
live,20260907111224,order_book_tenant_stamps,false,false,1,60cfa5114ae9737508133c11b00925cd,ee004b549aa806c35a97c286dc1b5a7a,version_absent
live,20260907111634,tighten_order_book_permissions,false,false,1,d3286a91246b305174b3da8c0f47b8a0,f6a93f20b8d17c28940f0a02bb100e9f,version_absent
live,20260907112052,link_invoice_lines_to_order_commitments,false,false,1,39ad4c36cb083c3266356fe99497fc29,c33f2721270b979ad9d3e32ca454ab22,version_absent
live,20260907112154,fix_order_book_business_unit_context,false,false,1,71df601ed53df9864d154fe19638a2d8,1c453a71ad5149ea02f1d2cdb0fd8ea4,version_absent
live,20260907112341,order_commitment_invoice_fulfillment,false,false,1,f59519812e45b49456f321893432d9a0,a0f15f5761de229fbff40c8713a5bf4a,version_absent
live,20260907112447,create_invoice_from_order_commitment,false,false,1,ef77cc0709782b5bfee3a746a6c40a4a,f3640a32d3a4a5c949748ac27ad990ca,version_absent
live,20260907112523,reserve_order_commitment_draft_quantities,false,false,1,74a82c1acedbf9b2e711ca498c12d433,06e60ce8e1f3ccc12efd7d2e717bc940,version_absent
live,20260907112748,remove_unused_parallel_order_book_settings,false,false,1,be0afba5e4ce30bb6cae196ee0e02dae,d39860a235685015d9e4bfda6126b577,version_absent
live,20260907123204,unify_salesperson_with_employees,false,false,1,be728bf9c4f504646dbe03f017ed144b,18f51949299f6053c2d34d98108054e5,version_absent
live,20260907125533,fix_order_book_stamp_optional_user_id,false,false,1,d40db33589f8df4341623c79b2c96d41,b3feb6ed96202f77c0e930dbe1628e85,version_absent
live,20260907130230,remove_incompatible_order_book_tenant_triggers,false,false,1,54418c6160aae1714af85539c4b89ea9,7aeae25d97e2f60a6592309bb5be9dd1,version_absent
live,20260907134315,fix_main_invoice_discount_trigger_schema,false,false,1,2a7ddc8da1cdde746f9c1ee19ef3ee15,bbcbb236a20d6e3d4a357bd87b2c6639,version_absent
live,20260907135845,fix_order_commitment_invoice_classification_and_tax,false,false,1,add3ffd9fbf2f9de1de2c5678b300121,86cc4362052ca743f4bd154f527f85b0,version_absent
live,20260907144025,integrate_order_book_with_main_and_consolidated_invoices,false,false,1,ed204e1f1b975e22cee98f92d647970a,6309884329c63f06090a5de5e79a7218,version_absent
live,20260907144255,fix_order_book_linked_line_totals,false,false,1,c359f9393f734d441d8c7a9ce628ffab,aa3d612fba51f746e8a635cd01aae777,version_absent
live,20260907183524,add_order_book_commitments_to_existing_draft,false,false,1,83dc19641dc111fd5cf0fb5909523afe,6c26fb990ba699b8b00d2b5422198236,version_absent
live,20260907190024,normalize_sales_invoice_salesperson_to_employees,false,false,1,f16ea980859fb27e83d13f18372569ab,b3338de2021819b867e14ed35577fd48,version_absent
live,20260907194813,reliable_draft_invoice_line_delete,false,false,1,cba44d3738e38b5e38be733ff8e05f8c,3b095b787dc0c5b08ae7cd594adb65cd,version_absent
live,20260908051057,restore_order_book_links_after_draft_save,false,false,1,d15c0e4620dce4c7e620a762c95aad9e,55131ce85ec699b262662849a021e946,version_absent
live,20260908053415,stabilize_draft_order_book_qty_and_charge_add,false,false,1,26e9fc45b1028d2a0cba7862af667915,3a6eba58ebca39b543266764f01af69b,version_absent
live,20260908053813,align_sales_order_charges_with_charge_engine,false,false,1,85aaf8d130c4476f5ad465bcb621134c,6bc4880e5080c50b3362068dc3db8155,version_absent
live,20260908054000,fix_document_discount_total_null_default,false,false,1,ad3784c57b736e73d4e82db52c479298,7966bda7ed25fff8a41a55fe8394591d,version_absent
live,20260908055641,add_order_book_rate_revision_rpc,false,false,1,c5ec28d77feb8e01d16ea2375f91d58b,2f2601243c5b0fe10921363f17db1202,version_absent
live,20260908061144,allow_company_legacy_owner_for_trusted_journal_creation,false,true,1,3370fea45d189c350ced4d69f012eb43,cadbdfd798d0867241021541a1fc6c10,version_absent;name_present
live,20260908063344,short_order_book_numbers,false,false,1,1e7ffcf8466bf2427d6de2d403c47440,2b88108084683516f23a7f0b6fe84015,version_absent
live,20260908065555,add_order_book_cancellation_workflow,false,false,1,105d2b61e26d80edae4e4efa93c0c5e4,149ca19cbae7b2508aecb4adb29b5915,version_absent
live,20260908070656,order_book_quantity_adjustments,false,false,1,11f4eb3d4c7615fa05fe1962a3a50510,7077744bdcb47e32b1aca861b5ace527,version_absent
live,20260908103253,harden_accounting_payment_and_posted_document_controls,false,true,1,6942ec665750ba2e8f1f04b1b0be3d25,7f2947b7166b7de0f0dcb61c10d96c3b,version_absent;name_present
live,20260908103626,add_safe_payment_voucher_reversal,false,true,1,ef405c46c3de92c3783e1b374a63ccab,ea1d334be4191a51b7ed665ac6636377,version_absent;name_present
live,20260908104143,unify_customer_receipt_rpc_overloads,false,true,1,b9990e4dc98722b6c6dcb2239b0a334e,3e86c286371844d16abd1eb02aaaf86c,version_absent;name_present
live,20260908120137,fix_consolidated_purchase_line_parent_scope,false,true,1,0762753bc6e175a4f49bdc32e452da65,f48693dcf3ac3065a18cdb6f3aa62fda,version_absent;name_present
live,20260908120858,fix_consolidated_purchase_post_tenant_lookup,false,true,1,df48e9655a5de6b00dee301fceac1330,654f01c65b26bfda28bab1d1d99799bf,version_absent;name_present
live,20260908135724,add_dynamic_purchase_charges_and_consolidated_selector,false,false,1,dcad921263bdae768ddf2f86fc134fcd,de8bba59a590c0892a558eb49d115678,version_absent
live,20260908141700,fix_purchase_consolidated_selection_tenant_scope,false,true,1,1185e4f1ac8db4b9bcb8307eddafba51,7c71565dd826d1471ebf6a3c84702230,version_absent;name_present
live,20260908143913,fix_purchase_consolidated_selector_v2_tenant_scope,false,true,1,8b70c76b2be94e26a07f8d7ef9b0355f,f6448e622a408bc8f18e595392c6acde,version_absent;name_present
live,20260908144406,enforce_sales_post_business_unit_scope,false,true,1,a45991e3be7710032666d9e8dd385a0a,e37f470f5e0b24228ed99ee9164da812,version_absent;name_present
live,20260908144503,restrict_sales_post_wrapper_execute,false,false,1,82ec0ae8415ffe65180805af2b3e99b3,ccfb2c4c61d25b98e1dd6d6b8b3e3aa7,version_absent
live,20260908181704,support_commercial_discount_account_mappings,false,true,1,da948d35d25e7205eeea0d10cda9b9dc,006e82b0975f91540216c07186a5bd6e,version_absent;name_present
live,20260908182412,skip_zero_value_lines_for_generated_purchase_journals,false,true,1,5246448e1e55c71d9053cd2917ae8cd5,650a8c6983b8ea24c3e5c917c281add2,version_absent;name_present
live,20260908183315,harden_purchase_line_and_consolidated_tax_matching_v2,false,false,1,1720fdea68330926ac0c01c3dfa67b5f,3dfe488f75685b3b3292b875200dedcd,version_absent
live,20260908183410,allow_purchase_line_edit_permissions,false,false,1,deca829af5636fb41ebf52a84e902a0c,5f801f78c41ff09ab675b6b6f388c58b,version_absent
live,20260908183459,safe_consolidated_purchase_charges,false,false,1,b8044ceeb69da3bb7c7b20554ba4a373,9311a6055c37ec8146692647204b6be5,version_absent
live,20260908190610,safe_delete_consolidated_purchase_draft,false,true,1,2c477b1f6a244bdb3cd9d6ef18db5b18,ec030bd8333bfed9f49bb7fb6b0edc9d,version_absent;name_present
live,20260908191651,fix_consolidated_purchase_cascade_delete_guard,false,true,1,36ff9865d724cd5859045515cdc27bb8,3f5ab78757067de4220142c7402c3017,version_absent;name_present
live,20260908205855,replace_purchase_order_charges_for_draft,false,false,1,ef9c2b0fbe564234c8068173384bda68,dcd1dd25da64f179e3c383439c828fbb,version_absent
live,20260908210356,add_order_commitments_to_purchase_draft_batch,false,false,1,bafe46f55a9158913df0d317835d7bbb,4544c9f1ad39f40701739b546c648f20,version_absent
live,20260908211253,invoice_accounting_and_statutory_parity,true,true,1,3440773887568a418bbd78d9078e2d1a,5139fb96570c756befb8743e4eac022c,version_present;name_present
live,20260908211622,defer_supplier_document_hard_block,true,true,1,82718c9d0e7599c071368996534b1e68,2d284f8a9da90d80ed3f5699bdca7147,version_present;name_present
live,20260908212045,fix_sales_discount_party_ledger_duplication,true,true,1,8a16f516b0da71243e2955e01c8042c3,ae19a848271fa25c387dca8bbf3eae38,version_present;name_present
live,20260908212233,harden_invoice_order_rpc_anonymous_access,true,true,1,c478776fb713e422d7ccea5fad898647,571bc2f05fe9813954012cadf0778acd,version_present;name_present
live,20260908212644,enforce_purchase_tax_source_document,true,true,1,ce635ddbecd293d6c79dea4b52e796a1,31d9f90bac469360ce3ea9d169421c0c,version_present;name_present
live,20260908215354,final_erp_security_standardization_phase1,true,true,1,39c9e096ffd104c416428c9c8a516ddd,40882919e622adcde9ae506f56a1bd94,version_present;name_present
live,20260908215525,final_erp_trigger_function_permissions,true,true,1,61a190481c2c3dfada56900817697161,c18b850400cdf0897d0c1fa30b5d1e9d,version_present;name_present
live,20260909044312,canonical_sales_invoice_type,true,true,1,b4026be68366d2ceffdb5382befd173d,1dbf8451efded6dc6b2c179fe1880ee9,version_present;name_present
live,20260909044622,canonical_consolidated_sales_invoice_type,true,true,1,2b23d60e3672b615ab7db5d27bf42b47,d4ff41371b3bb2c1f558b5ba94430c50,version_present;name_present
live,20260909044702,canonical_sales_invoice_numbering,true,true,1,b52c7c3442bd87307be639a54317ed0b,1de2d2592dd4641dc8d5a1dd13e15911,version_present;name_present
live,20260909045251,lock_canonical_sales_document_values,true,true,1,6bb745c634149110dde3b6b0c750cb9b,05087837682aaf563ad0fb3c524e1f0e,version_present;name_present
live,20260909045336,commercial_line_integrity,true,true,1,76ba1e9caecc8cecfe7a166c82d32611,f7540f459f55416b390aa6e8febf126e,version_present;name_present
live,20260909045612,restrict_internal_assertion_rpcs,true,true,1,417ad8e59826660fd8035381a9f6836c,21e50c9a64fdd47d14a0e624046831c9,version_present;name_present
live,20260909045635,restrict_internal_commercial_account_bootstrap,true,true,1,f0aac22849279a4c6b6aa6ad18c680aa,e618a15bdfe13c7a25fc4c24507ea3ec,version_present;name_present
live,20260909045820,align_sales_numbering_with_company_uniqueness,true,true,1,38a5a3257d393859c12719b8943c50ea,59878e9fa264609553390ddeca1ea243,version_present;name_present
live,20260909050202,purchase_order_number_integrity,true,true,1,773ec176a8a3c45c2772c659e219e9f8,cf3f21c5495f7a67dd45b0e2cec607b7,version_present;name_present
live,20260909055800,extend_charge_master_exact_bases,false,true,1,ee78af9c816495129421a87007137421,681c089e2d9d5013ca9a2f74e6122754,version_absent;name_present
live,20260909070236,add_item_weight_per_piece_for_commercial_calculations,false,true,1,9b69020035a859764b30bf7e3637f813,64335ebff7e33eaa7a87335e76543f9c,version_absent;name_present
live,20260909081850,final_rls_and_foreign_key_performance_hardening,false,true,1,db00ba829d491c2c4c58daadd5dfdab9,915779d3c5a7594ae32635b62a6821dc,version_absent;name_present
live,20260909082206,final_policy_overlap_and_fk_index_cleanup,false,true,1,fc43d731f6d371063eaede6577543fca,4b4e1fffb9a99ece59bf6a4a5ab8644c,version_absent;name_present
live,20260909115242,owner_control_membership_and_reset_preview_hardening,true,true,1,c1509ac1f099bf62d23bc211c3da7e6a,272acc9178df74fabc722fde62689060,version_present;name_present
live,20260909130607,platform_owner_order_book_migration,false,true,1,a850288e9d576f365323abfbf14ce612,3e55776d7b97100d7a8b8043fc93a643,version_absent;name_present
live,20260909130701,allow_platform_owner_order_book_migration_rpc,false,false,1,0b2d2614e0f644a1fe79110dde544939,0248f138cd5f9c32e103b9f367fa21a1,version_absent
live,20260909132301,reset_preserve_only_opening_baselines,false,true,1,11d45b7ccdb9c39aa4fab4f8834f4679,c59d2ddb5658686238834ece8f6c8155,version_absent;name_present
live,20260909141708,modular_business_lines_transport_foundation,false,true,1,64bf8d14b02550f06218324934bcb371,c7c4e2b57a977a63c3fed91cf827bc48,version_absent;name_present
live,20260909185749,pre_uat_security_authorization_closeout,true,true,1,d834ae22acb9d362702761b6a0bf2c80,cdfecaa3b71db509273ded9b6b8b34fc,version_present;name_present
live,20260909185930,canonical_pre_uat_return_note_guard,true,true,1,b456dc837136530e303b349c39e8816a,008f03c8d3697b71597b86edf14b12fe,version_present;name_present
live,20260909191143,enable_amk_core_modules_for_uat,true,true,1,45c249c04e05126fbcc43d97a6affc8a,a9e0b1cd9be0f10fc1400f3f381dc573,version_present;name_present
live,20260909191637,restore_authenticated_assert_module_permission,false,true,1,851d21500443bcd38a5420074d3220bc,47438a728c6dd2b755a1d268da248126,version_absent;name_present
live,20260909191908,restore_authenticated_legacy_context_helper_for_caller_rpcs,true,true,1,7946d369d6f1c49feaf10b88e087c7af,1b32ef9162259b52abaa32f1d7e46bb5,version_present;name_present
live,20260909191923,canonical_authenticated_context_resolver_guard,true,true,1,c9c4241a4b5aedbf4fc487f4d3721f2c,bde12088835cd4104fe892d254dee69c,version_present;name_present
live,20260909192351,company_owner_party_opening_balance_creation,true,true,1,5cb3de39044c88c945102b8e99f321c5,d0918f3fec2799c15f6ab7168b3cd4a8,version_present;name_present
live,20260909195054,allow_sales_charge_purchase_treatment_null,false,true,1,92287cd97e00cb84af3dc7b90bff1ea4,97cc216039da23c29e44d986d743a939,version_absent;name_present
live,20260909203041,link_gate_passes_to_order_book_and_lock_numbering,false,true,1,7c75904b494f4c7516a7e9e53f95144f,f793da1b9a06df125d0aaaf1c0460cb0,version_absent;name_present
live,20260909204514,gate_pass_staged_dispatch_workflow,false,true,1,866ed88dd2053250416d8c6b1f6659bf,f287a44d0ef8316030777f6607fbbcfd,version_absent;name_present
live,20260909210343,manual_gate_pass_token_loading_workflow,false,true,1,b1615ad2a0136018aa8e6024650b6a02,4e99ef4de4fdb8eeba7cc9ab0b7037aa,version_absent;name_present
live,20260909214800,gate_pass_loading_instruction_master_rls,false,false,1,b419f4b96dad7aa741fda4b979353456,56c7366f2894c9f6c015e648963af162,version_absent
live,20260909214846,upgrade_gate_pass_loading_instructions_bilingual,false,false,1,13f1332ef484c64ab12e5c0a1bc4e197,7a5dff3ff33ab7cb0d8d16e8b69eed9b,version_absent
live,20260909214925,lock_gate_pass_number_trigger_function,false,false,1,52879e837c1129771ddc71a67cc9a03b,d4aac9a4ad3463ab530378dfb508ca7e,version_absent
live,20260910052645,remove_obsolete_gate_pass_guard_trigger,false,true,1,fa3a0a7b9d210dc62e327169920cde50,92a3ecccf3990050b35423ee5c14860d,version_absent;name_present
live,20260910055241,lock_gate_pass_token_after_loading,false,true,1,95c8c1dcf5939489ad27e45b0e1852ab,1be4f1576f58cd92e5653c551dbdc3b3,version_absent;name_present
live,20260910071221,gate_pass_loader_master,false,true,1,81ea2b50e9e96833c852214de024ea62,c63a2b2ac5f90f6a6b889ddd0185baaf,version_absent;name_present
live,20260910083817,gate_pass_two_stage_weighbridge_workflow,false,true,1,b84a14bcb2bdd4d9660a7cff08aa4d49,f8d43de7822e57cdd312ba7bea470c17,version_absent;name_present
live,20260910085454,allow_gate_pass_pre_final_corrections,false,true,1,ce836762fcaa4e6e3a9aa0fd62deaa7a,63989c4e068e767a64030ddcc34ff8bb,version_absent;name_present
live,20260910093943,gate_pass_final_weight_reconciliation,false,true,1,a6987ae6be8ed67825c24b24a3b042ae,644aec331638b018a4d0b415c635999e,version_absent;name_present
live,20260910103629,gate_pass_controlled_reopen_for_correction,false,true,1,ccbb9252b4cc69b703b24b6a2f372cbd,7e222beb114fb143694884dc74a02cd1,version_absent;name_present
live,20260910111643,fix_first_kanta_tare_before_second_kanta,false,false,1,040cca9527526507bda4d63c99ae28ed,5cef46a247e0c6fd8b671ec3a1451dd1,version_absent
live,20260910131420,gate_pass_enforce_loaded_net_reconciliation,false,true,1,e22df1169cfe5a0e5d5866202e7969bc,81aaedb8258403702967cf4977db6f8e,version_absent;name_present
live,20260910132453,gate_pass_enforce_reconciliation_at_second_kanta,false,true,1,0b4afd494d17f30a7b364aa7930870a5,314fdad714c08042ac3f65b6a31a2520,version_absent;name_present
live,20260910134554,configurable_gate_pass_weighbridge_tolerance,false,true,1,9c835cc63266dfda387a2a1d1118920f,f881caf188f261ff25a481d924fd489a,version_absent;name_present
live,20260910180145,gate_pass_use_configured_weighbridge_tolerance,false,false,1,ec37592a7782c4a5043ec6b679d0fa0e,783301388d90ec81399611d792ea0259,version_absent
live,20260910180252,gate_pass_single_configured_tolerance_validator,false,false,1,99a7b902c9306563e9074007aaee4e0f,e4f41715745217c55322da557d1ea2be,version_absent
live,20260910180403,gate_pass_tolerance_null_safe_config,false,false,1,ccf80c095650f615d92fd660ad1c6478,e96ad5d4c8a9c88d502d9afd786eaf39,version_absent
live,20260910180457,restrict_gate_pass_tolerance_helper,false,false,1,2ee2e63e8f7315fdb314e4200e76bf27,e7608757951771c552e58490852fe08a,version_absent
live,20260910203410,platform_branding_and_gate_pass_hardening,false,false,1,9c00e6fff80b81b5160e0056e6411c1f,78a389a3e2d83a6a15d0ba0db5230dc2,version_absent
live,20260910203852,index_platform_branding_updated_by,false,false,1,44f41e5609a5d2aceb1ae495fa9389a6,0124ae6ba6c267c0f91dc856f40f6c29,version_absent
live,20260910212410,default_english_language,false,true,1,a328d5849bce5449fda7c81dfbe14f01,02eeec07d1923c208cae96e9a985b931,version_absent;name_present
live,20260910224546,supplier_payables_aging_report,false,true,1,41e3f012a6fa21ea6751b9af43bfb7bb,b5575b11a164a5a39a8ee2fd797daa76,version_absent;name_present
live,20260910225237,report_source_of_truth_hardening_v3,false,false,1,2daa2e3e37ed2434830601814a4a231d,1c2890d34c5104d4d4e0a1371163a427,version_absent
live,20260910225319,salesperson_party_performance_report,false,true,1,10fa32d068b9cc162163c54f3aeed208,6efc71ba1387505c0a517cf3fd9a767f,version_absent;name_present
live,20260910231956,management_business_reports_v1,false,false,1,0dab1b765f03ecf642fc8fbafe3eb7f9,baf3e110171d779b2a618f4e0b2f5379,version_absent
live,20260910232024,management_business_reports_v2,false,false,1,834b49ad08ed273f4592a5e656572280,d31998b72b3f43c16b34fe3971b45ab1,version_absent
live,20260911095734,final_management_reporting_period_mis_v3,false,false,1,d68dce1f02151aa914d76a8299ba62d0,c19fe87e38588632ded13204504b2add,version_absent
live,20260911103311,document_print_template_architecture,false,true,1,9a68646020b560f8cf2b7890f5030748,5b9ce05fb0860c4ca11e2d1625c6173d,version_absent;name_present
live,20260911110212,dashboard_live_financials_and_preferences,false,true,1,d81060db2eb28e6adb831ac75fe07302,905c04968eeb900d0a17fc4aace012d7,version_absent;name_present
live,20260911111125,dashboard_widget_preferences,false,false,1,e9907453de3cbec7ada693b3488b88e2,1e8a1b53723eb7daa4f11d0e3f1ae279,version_absent
live,20260911111343,remove_unused_dashboard_widgets_column,false,false,1,1fd6f4318dbc17163bb0939cd34d0561,f89ba72163caa32dd99d54b5af5e089b,version_absent
live,20260911111719,dashboard_live_summary_add_six_month_trend,false,true,1,f8a0fc10fe3bbf5a049253d145e1516c,800cf989b5e9f57d4e3c8f50fca91a9e,version_absent;name_present
live,20260911134213,dashboard_live_summary_and_preferences,false,true,1,87baa9806c7a587a80fa6c207f817744,21791ed613067bb0342842a79e24fa0a,version_absent;name_present
live,20260911134803,dashboard_recommended_defaults_cleanup,false,true,1,72d6e9fdbec3d164d4b65f88cea43eb5,1bb0be3d2f1b3d13699538439bd73005,version_absent;name_present
live,20260911162709,add_purchase_person_to_purchase_orders,false,true,1,23dda0cecf5dafbceb302b9cf1f71843,e4bf68268bd0e092668ed59119a278b8,version_absent;name_present
live,20260911170249,person_performance_reporting,false,true,1,b135deaa14bb18e850f4be8d63ae6132,e9796461672214c0f9a6b6668c5873ff,version_absent;name_present
live,20260911172731,dashboard_professional_analytics,true,true,1,601d109bd01c0a510ae88c6a5edda52c,220c437fb88407325adc65afc0454388,version_present;name_present
live,20260911183734,harden_security_definer_tenant_scope,true,true,1,5cd4dfdac293828fac4e05dcea2f2b48,95240782f8f518b5f292cb8278ea42a0,version_present;name_present
live,20260911214629,harden_bank_reconciliation_bank_account_rules,true,true,1,4fa884b1cee8114dbcc1771703881cbd,c232a4fbb0487a95c70add8d77a58f08,version_present;name_present
live,20260911225445,harden_cash_counter_payment_account_rules,true,true,1,1bd1c12882a460680231599eda4a4aec,60222e1be4ef486ed91252ac7d5e94fa,version_present;name_present
live,20260911230657,harden_general_cash_bank_transaction_rules,true,true,1,0883e0184a61d85fc59731bae31557dd,0375c1d39e18b5002dbcd5bc70c8b519,version_present;name_present
live,20260912120938,employee_salary_slip_foundation,false,true,1,7e3cdd43a54c2dabcf3535727ec3dd50,7d67f0d6124700e03a3ff9752c1c44e9,version_absent;name_present
live,20260912121030,lock_salary_profile_writes_to_rpc,false,false,1,73f6322aee7065a4cad7f98e454b6acb,dd8764ad0a5685480cd5df7c058ba830,version_absent
live,20260912124510,complete_salary_payable_and_general_cash_accounts_v3,false,false,1,a2d10d382020c7e32e33f81035952b89,db4a3a7febede32b22fad4ed242ed922,version_absent
live,20260912125120,reconcile_legacy_salary_payments_on_accrual,false,false,1,3664f4047928a5539d97182cf4d3471c,c3e5fc23c0eb3b7e911c57834fd129e5,version_absent
live,20260912125447,secure_employee_salary_ledger_view,false,true,1,497cb9560c62ef25d0da1186af2434b7,f496ec0085ecc42662af1f4c95aaa390,version_absent;name_present;duplicate_live_name
live,20260912131528,add_lender_party_ledger,false,false,1,8e5ecaeda4e5f933f9a3232ab43cfecb,f5d9a0db21989e01eeb61f0bf4c66b88,version_absent
live,20260912131553,secure_salary_and_loan_rpcs,false,false,1,ece5fb13f8b0e61bc7b375c79146200c,6080e1628930ade713fe0ef31207c9e1,version_absent
live,20260912132022,complete_lender_ledger_posting,false,true,1,a2c0813ed4ba96af4294efd647341085,d03eed646c34b269067a932ced7aa25d,version_absent;name_present
live,20260912135034,order_payroll_accrual_before_payments,false,true,1,b47b4ab77daed093a01a8265468b3472,d5f4188ffb81a2d647a32c555dc68013,version_absent;name_present
live,20260912143916,salary_accrual_at_month_start,false,true,1,df46c8ec3214624fa1d490fcd1fdb796,95354de15177bc97f4687a017ac070dd,version_absent;name_present
live,20260912183617,normalize_account_mapping_keys,false,true,1,3928559f19f944a839f8428cc21ec184,51e56fcaaa9eca9bfc6ae580faaf7add,version_absent;name_present
live,20260912190222,enforce_unique_ledger_per_journal_line,false,true,1,a26fd9203e09dae3063ef23f9af4149d,b744063d32709836543720d30f72fd5a,version_absent;name_present
live,20260912190655,fix_bulk_journal_import_company_data_owner,false,true,1,7d62d1d14739bcffb5640053b7cb863e,97bb67ed3913af625649e466d4a8c60b,version_absent;name_present
live,20260912191153,harden_journal_operating_location_scope,false,true,1,43bdb7ea940adc4d9b07396af72c0676,b154bd835322ac85c7435624d71c886f,version_absent;name_present
live,20260912191841,enforce_journal_operating_location_write_scope,false,true,1,87e19b7fb9ef824832f0c453a1b1a808,5e4d37ec9c8a2173ecf6a0a4f373c4b3,version_absent;name_present
live,20260912192112,harden_manual_journal_numbering,false,true,1,dd33d9e5b04cbdcc231de37ea68fcf49,c944ade5384b1db07764680fb7f02238,version_absent;name_present
live,20260912192207,normalize_direct_manual_journal_numbers,false,true,1,574ff7cfa68c7ed2693c6eab669a7d35,aaa266eabcac8afda7482622e21a5f78,version_absent;name_present
live,20260912192506,scope_accounting_periods_by_company,false,true,1,f9f2fcceeccfb55377e5bdaae2dbd540,195e5faed59ae4d24cde98009a81a930,version_absent;name_present
live,20260912192616,harden_fiscal_year_close_company_scope,false,true,1,9cfa65970e586b91993e1d736f993dc2,ff28c23f7f52a8a0ea95b38ffe3a4a63,version_absent;name_present
live,20260912192938,harden_opening_balance_posting,false,true,1,0b252166df9b7a8b32677174bcb38cec,e865d95c6131a36c20f3c2816152f7ab,version_absent;name_present
live,20260912195022,add_party_advance_allocation_workflows,false,true,1,bfaad1fc7004c1302b914a692dd52274,0356a369f29cc6a451f40d1b04c2c264,version_absent;name_present
live,20260912195342,reconcile_returns_with_payment_status,false,true,1,18fceae87d7eb77a00520aa86a4d31bf,c2ba34198eeddec687493c15355f7754,version_absent;name_present
live,20260912195525,secure_employee_salary_ledger_view,false,true,1,455a9c827ab50d927e6e34652f78c6ec,5105238b8760853dca76db3770a839fd,version_absent;name_present;duplicate_live_name
live,20260912195745,harden_payment_reversal_branch_and_reconciliation,false,true,1,849ecf4269bec5db05623c768c5a98b7,52618494eb2e02bff0b5141551de3008,version_absent;name_present
live,20260912195752,stamp_journal_post_actor_metadata,false,true,1,0de1f31bc175f1d3beb38a62a9c39f7d,39285e9e291014c59914ee9da1359f5b,version_absent;name_present
live,20260912195855,reduce_internal_function_execute_surface,false,true,1,417d26034b3897415d57fe697c8eac05,31d445e3893ed44eace33fcf9cdb7146,version_absent;name_present
live,20260912201824,advanced_owner_feature_governance,false,true,1,0cf62763ff30a69512b7ae7cdf693bd7,1d23000fe2084db6d9a1483954059bd1,version_absent;name_present
live,20260912203511,add_owner_subscription_resource_limits,false,true,1,fe8d43ba6fd05880d365727aef2e82fd,9dcf9c8b03305c47314a6d2a4ec9bf1e,version_absent;name_present
live,20260912203828,enforce_company_resource_limits_and_branch_admin,false,true,1,608ea32fe3ff9f82718d22c449749843,fbd8b7d5f64e5a10ade00e71b2a1e38b,version_absent;name_present
live,20260912204642,company_admin_access_governance,false,true,1,0df3fb9b3e51606ae2001f0a331dd1d9,a93ec4998482fa1381d26e2d37babc73,version_absent;name_present
live,20260912205333,revoke_anonymous_internal_security_definers,false,true,1,bd9ad6c4840857fa6744ffea68045d02,366f9a42907e5f9874729f2b32bde24e,version_absent;name_present
live,20260912211838,allow_service_role_company_resource_limits,false,true,1,f5a65235732f0e4ca488d818842f7b08,1f2e5741b71c32a0811086dd7cad4b6e,version_absent;name_present
live,20260912212031,company_admin_service_role_limits_source_record,false,false,1,7f1f54d283bba35ea495c59a7a49f69c,2b1f20aa598099560f69f19c55dc556b,version_absent
live,20260912212052,company_admin_service_role_limits_source_record_2,false,false,1,ccb5b4481bced39454dca6d845601d54,d7d1d45bcb946547b382bb0e7853c185,version_absent
live,20260912212101,company_admin_service_role_limits_source_record_3,false,false,1,ccb5b4481bced39454dca6d845601d54,d7d1d45bcb946547b382bb0e7853c185,version_absent
live,20260912214710,restrict_runtime_languages_to_supported_set,false,true,1,30c72372eda9ec2ec30916517b0bf2e8,414ebaafba49a6001ef056dc827af7d7,version_absent;name_present
live,20260913050702,enforce_navilo_language_pairs,false,true,1,21961bf8deea106767d017d4eaa51cdb,abfccf6532f38d870f5dfabbe44c9ad4,version_absent;name_present
live,20260913055556,reduce_authenticated_helper_rpc_surface,false,false,1,c215fa14ff2d02513d4956fa7e541a5d,ef51403df92bdabf2d92e83700da2d9d,version_absent
live,20260913060509,harden_company_transaction_reset_scope,false,false,1,30956b0ab42dee2ea73e06852baf53a3,c17fd2b4b5c04fdcc3a212271b9d56ff,version_absent
live,20260913060553,restore_rls_helper_execute_for_authenticated,false,false,1,1b7c458d58f079567060f3698d2481fd,6d92c85cab0b54bde64d17adae55075a,version_absent
live,20260913060629,enforce_permissions_on_read_rpcs,false,false,1,7d1e04ace0a5be5faa6c0feb19054f00,0e1d6504cdcf5df4063d063fb177bcc0,version_absent
live,20260913061215,harden_branch_membership_rls,false,false,1,4e21f8b0cafbbd1196d176e24637ac7e,ba1c3419ce60dcd3c0c37321e65db4a3,version_absent
live,20260913061523,harden_salary_profile_rls,false,false,1,0c74935a2ce0cb7b280a264e53a8c128,2f56b1b3b5f111425c5ee38d3ae66a1e,version_absent
live,20260913061742,harden_loan_company_sharing,false,false,1,2318ad11da6b7293a93bdb8ce239c951,c22964da1e4d7d7f20c24a85bd2f8476,version_absent
live,20260913061940,harden_accounting_configuration_rls,false,true,1,c848b627788e2f72909eb4868fff2929,4a93da696eb4c518729aec7ee57efa58,version_absent;name_present
live,20260913062043,register_access_management_feature,false,false,1,7727107d5fc376dafc865a829cb965e4,08d19d8059796e7c47f8f6ee394f0295,version_absent
live,20260913062331,commercial_performance_hardening,false,true,1,a91a70600c55171ffe8408c35a1d3c7f,45076eda857a348fb6041c59287cd6e6,version_absent;name_present
live,20260913062706,fail_closed_future_workflow_and_document_rls,false,true,1,4748a8817c9ae6c59780f4035d5b05e3,7cf2a0af1277462162f2e4bf3cb5aa87,version_absent;name_present
live,20260913063017,enforce_business_unit_permission_overrides_backend,false,false,1,0b87e0c96a70bb985172e773d41b1300,98ebdeaa04d24da22efddf50cc4fd009,version_absent
live,20260913070216,harden_gate_pass_order_book_and_charge_access,false,true,1,8062543abd21907bd4aa645d247c430b,831eefb9e75ce5e3ebce671e67d8db67,version_absent;name_present
live,20260913070426,protect_entity_translation_writes,false,true,1,4b09ec508e368e21fb8a948cf2906478,bbcc94a0765e4b4375a106d5746433b0,version_absent;name_present
live,20260913070643,make_payment_compat_wrapper_security_invoker,false,true,1,16c656099acc9d240dda35e0963f3b36,08f44b64830344c58dd7d2613f59855b,version_absent;name_present
live,20260913070706,noop_marker_for_commercial_audit,false,false,1,d1ec8ff6c5a15f6fa94122defe2ecdc6,18a3098dd91479bbc0ffc78cfbf6cfae,version_absent
live,20260913071243,make_stock_balances_and_movements_rpc_only,false,true,1,ab884aac5befb7c404a2db9ab41a2724,db729d8760c2eef5d1565167da7315b8,version_absent;name_present
live,20260913071342,make_platform_audit_log_immutable,false,true,1,63e741f3651eac85510e6d3e28d06315,31be501743eae2f0984df81a4827e457,version_absent;name_present
live,20260913071429,revoke_client_truncate_privileges,false,true,1,78261c71f16f1e42ff492d0475abc48a,1f0ed3c5f41997d5609b7fbca8d81c34,version_absent;name_present
live,20260913071528,harden_stock_approval_storage_permissions,false,true,1,accd76f8070a30d44d22df47d0205cf1,ee6df47643aadcc70fac576df5bf5908,version_absent;name_present
live,20260913071713,strengthen_document_number_uniqueness,false,true,1,9b1140a018e5051d3dbe6def31ce191d,36ff359c808c131d70f401ab0a54cc0f,version_absent;name_present
live,20260913072003,scope_stock_approval_files_to_active_business_unit,false,true,1,95d262727fe597e35d8d7704ec73753d,bfdf38e4de07cfe4720883229b6bb6b4,version_absent;name_present
live,20260913072054,correct_stock_approval_scope_and_validate_evidence,false,true,1,47a4ad60d14d8d5fa1ca79835c344add,9958a91bf206eb6046ad0f824dea32d6,version_absent;name_present
live,20260913072243,enforce_branch_read_write_isolation_on_operational_tables,false,true,1,b8fc2845072ff61ca167aacf7ea59ff1,3c60bc18ce5a0c3e7c643deb905bb39f,version_absent;name_present
live,20260913073121,complete_transaction_branch_isolation_v2,false,false,1,85fc3529864bd30efab4878ef958b8ec,c96bad0b04c983a6731e98f5ec054c62,version_absent
live,20260913073406,revoke_public_internal_helper_execution,false,true,1,7b4ad1d5048a1519cecd2089ff37a784,b638b9d7fa4e3fe31a0ece110e46c568,version_absent;name_present
live,20260913073519,enforce_operating_location_write_scope_globally,false,true,1,32f006351e13af3468be6babbbaf2672,b89f852beec99405e42231dfdfbe25e9,version_absent;name_present
live,20260913073609,harden_branch_scoped_read_rpcs,false,true,1,a004f54bed83fcf0afaa09bdec9b350d,0757664875d849c01dd37bc6180268bb,version_absent;name_present
live,20260913075847,fix_branch_child_parent_lookup,false,true,1,9d59ffbaf21f1ca1fd08c95208595bac,1adde3b9e01463c168d72188d3b8b073,version_absent;name_present
live,20260913080206,restore_permission_assert_helper_execution,false,true,1,a0a16c69e49cce46ba1b78d56eb46f82,f20b61e4c0f362c55630c48301914f26,version_absent;name_present
live,20260913080248,restore_legacy_owner_helper_execution,false,true,1,fef33c3ff679c96c7467ac025ae5501f,72d202fa6a67ce6a44a16379a8d5285d,version_absent;name_present
live,20260913080418,fix_zero_discount_posting_guards,false,true,1,4ddb07b527e4a0acead8a4e195ba6f98,2d0401a476f006791afea8b0f4afa187,version_absent;name_present
live,20260913081611,index_branch_scoped_foreign_keys,false,true,1,652d80b2babdb4a170f124718dd2446d,25a78bb494ff8f4a9b017d3cfcf6e78f,version_absent;name_present
live,20260913132831,restore_company_urdu_backfill_execute,false,false,1,b647fa1af4a2b05d6dc55740ca7b2c3b,22ea72e3719ee49df5b877a6570d5cdd,version_absent
live,20260913135518,add_company_language_settings_rpc,false,true,1,b34e7707b39eb38886274de2f74022a4,56fd0e7ec5fca0778a098337374602e8,version_absent;name_present
live,20260913140556,add_company_country_jurisdiction,false,true,1,565d03aad45300428382fc3a7c3aaa39,0e0d6e120b28cb225407ac80bce58af8,version_absent;name_present
live,20260913140704,set_amk_country_pakistan,false,false,1,35380067829e5f3bc19533a3994b4f2e,8c1347a49db020122ab44b1e641af5a9,version_absent
live,20260913142605,expand_global_language_support,false,false,1,b7b47e1105d0ceee1f06de536fa160d1,a0c821ccac2595d8f5732a4a85498fe1,version_absent
live,20260913144433,save_company_jurisdiction_settings,false,false,1,4251bd8c3442fce95bf1272d19c0080f,404fd87ad4c6d4376bc83fec109368ae,version_absent
live,20260914145749,add_main_invoice_discount_amount,false,false,1,1b06861e63a8f88f7846f3d9d25d6d9c,6ff5a6e268e1046caed16a0b12864d35,version_absent
live,20260914181332,owner_managed_company_language_entitlements_v2,false,false,1,164e563d8171a6ba22b8094f655a59a6,d6fb8f5c3c602e5be6f70b82ecc92e91,version_absent
live,20260914182359,secure_owner_language_entitlement_api,false,false,1,273977f59839c413a2bdd1e8e15cbe20,f5ed6e0a511bc59ae5a571550d77e9fc,version_absent
live,20260914193108,secure_delete_draft_purchase_invoice,false,false,1,b1d6b7f22d7172aba1b19a888e89482f,c1e9eacf4cb08851079bb33c317455d4,version_absent
live,20260914194731,fix_draft_purchase_delete_trigger_return,false,false,1,5fc0b050b9c30c0fbeccf11d6e9461d7,2ad0f7ef68f351d3341ede7db451a5c2,version_absent
live,20260914195412,fix_sales_draft_delete_flow,false,false,1,b837c45e26c187ec1929d131474bb19a,00f59659f51d62427d51098ca044518f,version_absent
live,20260914200904,fix_purchase_consolidated_linking_tenant_scope,false,false,1,58c0f5b61c2150803035702acfbf9657,8d3b018486e3cd6d781ec10bec1f0a95,version_absent
live,20260914201228,fix_purchase_consolidated_charge_scope_column,false,false,1,1d22f486e24d7a4e935feef68f1185b8,ca4ab49da1841719243a876766346a25,version_absent
live,20260914205214,grant_authenticated_company_settings_select,false,false,1,7fd5a7eb621764013343550c2255ac2c,a861deb4e16e65fed0127c44f9c68f91,version_absent
live,20260914212031,rename_consolidated_sales_prefix_hwl_to_ci_v2,false,false,1,17bdaa9e7fa65d646dede99203986663,cc438799faa89f305d961e7777807d41,version_absent
live,20260914221641,preview_next_sales_invoice_number,false,true,1,5038e9e417e4159d9bac7295535380e5,8cab5e4658cc89f37211b439dd96dc3a,version_absent;name_present;duplicate_live_name
live,20260914225757,fix_sales_post_tenant_user_resolution,false,false,1,7db2309aa1cb072ecdd491d71918f7d3,26d32dc9bf76b886e273ecf496532f56,version_absent
live,20260914225847,fix_sales_post_core_user_resolution_v3,false,false,1,28cb82853d067d1ee0e9e5a415382147,5b19c25a493c22608c32c71aa9594876,version_absent
live,20260914230724,expand_runtime_language_constraints_global_catalog,false,false,1,a3acc62e02197e872f8e2274ac0fa2a5,c3b745c942017a52585c3fd56763fd7d,version_absent
live,20260914232007,preview_next_sales_invoice_number,false,true,1,7e87acddb58c4d03c17f63b11b6e6fe1,c8099a2fca7bd131c10d490530e7fdff,version_absent;name_present;duplicate_live_name
live,20260915001202,link_future_invoice_posting_traceability,false,false,1,ab6f3854f60eadd5853e55d178745650,c0daecd988358f526ea447e9d175712b,version_absent
live,20260915001854,admin_posted_record_control_foundation,false,false,1,7e43951bc0d91ae77897d216f37b3471,239e76f03e6dabb90849199fedfa3534,version_absent
live,20260915002205,enforce_invoice_source_traceability,false,false,1,cdf4735a48adbda57dfd1839a7f176c4,bdf5bb7717cf848809d54b0f263e15b1,version_absent
live,20260915002549,admin_invoice_correction_preflight,false,false,1,51a7913101c0869024617f991e18ad71,dd016316e1630304419870942398b6e7,version_absent
live,20260915002635,admin_invoice_accounting_reversal_engine,false,false,1,ffc7b971c746754dc06e3d812309b7a8,9e0a457bf0b0d350ec54035ec7378b62,version_absent
live,20260915002719,admin_invoice_stock_reversal_engine,false,false,1,a57db530e029885e35f7d92d06ab33ba,77d4d56409967657c41945c4af5e31c7,version_absent
live,20260915002808,admin_invoice_atomic_reopen_workflow,false,false,1,aec9a9d02cb24c1417293efbb4c945db,3121aeae980f05d1b8d95e2b12ca1fad,version_absent
live,20260915004543,include_linked_hawala_cogs_in_sales_margin,false,false,1,4cc959e77f909561819c0da0d739b58b,d0b6bcb38563c17db13068fa400db8a4,version_absent
live,20260915004710,include_linked_hawala_items_in_item_profitability,false,false,1,290222f9ebd144a3fc643839845b7f68,74f9220aefb8b0e7a7a231c514633b3d,version_absent
live,20260915010357,allow_atomic_return_note_draft_to_posted,false,false,1,001ecbcf9b8029ecb012068966738c74,630d941495fae4ed7f7a5427102d49c5,version_absent
live,20260915045307,fix_polymorphic_posting_traceability_trigger,false,false,1,3c203ed086602877091af42bddb52b76,1735e0339bba50fb1920211832b9bc66,version_absent
live,20260915045704,prevent_double_return_outstanding_deduction,false,false,1,811579f2c2dc7845126c52e29dc0a941,048229210001522116ce911f886c749b,version_absent
live,20260915045927,add_safe_invoice_outstanding_repair,false,false,1,2e7c7759f41aa796bc7da945307222c1,7f227b36aa344ef61460a9247578118a,version_absent
live,20260915051313,allow_atomic_purchase_return_outstanding_update,false,false,1,275b0ffa7b16b932a0707eab379d7ee2,45271c7db05f6191a75c677ec6ddc530,version_absent
live,20260915055525,add_return_note_fbr_traceability,false,false,1,542e452ec5f1f141b8c01fd70ce1fa04,4cac6e576c1b504cabc8977c6fe2b201,version_absent
live,20260915055544,link_return_stock_movements_to_return_notes,false,false,1,caf6453880e6f697ddc47edad8546bde,b8a3bb86993ea65334ba7eebaaa89396,version_absent
live,20260915135037,yearwise_consolidated_sales_invoice_numbers,false,true,1,0b74d77dadbd8194a5b4785c8114ff54,78cedb4b1f5264b182c9eef5d6f583fe,version_absent;name_present
live,20260915135801,yearwise_main_sales_invoice_numbers,false,true,1,8431af000dc021e7b2cf1294b4cadf7b,c8099c08047842d3333eff8b36a64319,version_absent;name_present
live,20260915140034,yearwise_invoice_numbers_across_sales_purchase_returns,false,true,1,b077c6a750eca7f81745ed2d6152fb49,8eab33e07aadb41af72865196d09e651,version_absent;name_present
live,20260915140047,normalize_main_sales_legacy_auto_numbers_to_yearwise,false,false,1,d905e1c80520c7767f6cdc9beae48810,348ecb7cd0ffb007ccd3745322c3cccf,version_absent
live,20260915140117,yearwise_sales_invoice_number_preview,false,false,1,089c334cf038573744849e044608ce05,a3085360c352b8f6809809ad491c19ae,version_absent
live,20260915141708,accept_auto_consolidated_purchase_numbers,false,false,1,2136a2e502ea40b0be3edebbfcfce661,d5e50f3f27e9b8adf9f80665f12eb3c9,version_absent
live,20260915182400,priority1_posted_immutability_rpc_acl_rls_hardening,false,true,1,ac50735073204ca1bb282b11a94d59b2,4daf6cf0463267200e64dcf4c806c7a4,version_absent;name_present
live,20260915182546,priority1_security_invoker_reporting_views,false,true,1,4d5641be519fc87b6b42f2bb14863697,190412dd182234b1555c5695f7f40569,version_absent;name_present
live,20260915182958,priority1_internal_rpc_acl_hardening,false,true,1,e4eb1001947c8d5f6179966ed447ade9,32fb3eebdb8bc4a509e036170296d588,version_absent;name_present
live,20260915192518,priority1_disable_obsolete_invoice_reopen_helpers,false,false,1,d595dc2ec2e13344227a4b70b8e71254,83de1d1d7ec85c8e0f7cc4bae2d72c51,version_absent
live,20260915193054,replace_deprecated_auth_role_in_security_functions,false,false,1,38ace5cfd6a09b39887a29cc5d9ee386,7ccd75540ee908622e86b197b06d8e97,version_absent
live,20260915201221,sync_company_default_language_preferences,false,false,1,cc01fda8b97aebff878576e60e192c08,748462dff6122a3f341888b8c167a96c,version_absent
live,20260915204253,prevent_duplicate_parties,false,true,1,4609543835acebe2e6f66e7d2d1ab280,219c7f79d5d28a806497599d67dc4a1d,version_absent;name_present
live,20260916051608,scope_master_uniqueness_by_company,false,true,1,02590162cffe26b73a847758cd86f4ae,5f8de52685b08abbb198352636eeb928,version_absent;name_present
live,20260916052758,require_master_edit_for_urdu_backfill,false,true,1,92f768dd61b7775dd10ba616d87b0c3d,c1db8a482db8694042ebab825b8a6731,version_absent;name_present
live,20260916053931,restrict_purchase_line_delete_to_draft,false,true,1,a628fc1cf17359ec82fbb9bc319dad68,8bd8aed4294b6a409378cd5ad48254db,version_absent;name_present
live,20260916054533,normalize_party_name_whitespace,false,true,1,eec813244713f3e22d2e90cf3ffd065e,f16adb9919a51b86aad86b55f5e0c9fa,version_absent;name_present
live,20260916063208,remove_redundant_covered_indexes,false,true,1,b8c41b03467c58d9c100adeb00c577af,bac9b442d1faa6dc21e714f6bcc7c8b0,version_absent;name_present
live,20260916064525,use_net_invoice_balance_for_payment_limits,false,true,1,83049f6f1da98ca487b63e524351e0e9,c91c9c7f9a91a49aa38bcfc511d95ab4,version_absent;name_present
live,20260916111104,finalize_purchase_payment_net_balance,false,true,1,1d5988e9a5227d43e601889e0415bbbf,9b3fe4c2d0d1df0e679a1291f464ff35,version_absent;name_present
live,20260916112816,add_export_to_role_permission_matrix,false,true,1,cf13300acf1da6293a31cee4eaeb23f3,74d81ca99c24e4f3558726047cb4133c,version_absent;name_present
live,20260916114624,activate_tenant_approval_engine,false,true,1,85d1ca397e9a249cff1d223c4fba8328,067127c02f133744ca2f80bf12f5050b,version_absent;name_present
live,20260916120540,activate_commercial_document_traceability,false,true,1,fe2d43799f93f6be11b0bb096fa367e0,74411f45080f27fe6ef24019057c5462,version_absent;name_present
live,20260916121843,preinvoice_commercial_workflow_foundation,false,true,1,13e23e0e551c7631dcb0184f3569ba29,7be941ea269cc43649ebd74d1ef934b0,version_absent;name_present
live,20260916123031,link_preinvoice_to_posting_documents,false,true,1,03cedc6fb6166db69057a16cf1c8294c,28c8e16741d3ff97404977b004643528,version_absent;name_present
live,20260916125451,manufacturing_core_foundation,false,true,1,10a78c36b200a312162584305bca3368,9da04e788353e162189d67504ea77c3b,version_absent;name_present
live,20260916125815,optimize_manufacturing_child_rls,false,true,1,f4739b6717bfc42b2cd7dc3e11c8c14d,a0a62d9abf83554e0d6a99924cc1312b,version_absent;name_present
live,20260916165349,inventory_advanced_controls,false,true,1,03f970cad494507ddf20630f8cfb2de5,d09653bad18bf3b4dd8c78de07ddafff,version_absent;name_present
live,20260916201316,manufacturing_inventory_posting_automation,false,true,1,80a02278fe6054cdba3fc9ecacc1ba14,19db4b473cc0ee284e4e7e17f1607b68,version_absent;name_present
live,20260916201439,inventory_accounting_journal_bridge,false,true,1,27335f02c166ce8ff8c945b730d3d788,4b67ba183acf64ae3b729b6f9659cb95,version_absent;name_present
live,20260916203203,manufacturing_accounting_activation_v4,false,false,1,9e113bc4d7fc15a0557e649c0af50584,680a176c7dd4537e15ab819a8f7d594e,version_absent
live,20260916205333,production_operations_qc_maintenance_workflows,false,true,1,038b48fb7696bd46e439a923bc8191de,76b85cbf10bab5d49d882c749e97800d,version_absent;name_present
live,20260917050528,revoke_anonymous_tenant_report_access,false,false,1,430b5345654b5c43ece475d58f12c154,4a935854e4efa6fe7a07e67235019df0,version_absent
live,20260917053833,revoke_remaining_anonymous_tenant_report_access,true,true,1,de5a6122c102e1255b856ed0d9f595cc,43189e407f37ab4f498865cf12b8f3c9,version_present;name_present
live,20260917055945,harden_security_definer_rpc_defaults,true,true,1,ab4dad99819faf5c12f6c8e9d3214e21,2bbb209eb7a4f6011b8b2bf2898712ce,version_present;name_present
live,20260917063002,platform_owner_onboarding_billing_licensing,false,true,1,554ab254166e67c9df43a8c65c0855a0,7bcaf75b0b1d9210852879ea8d672613,version_absent;name_present
live,20260917063241,make_subscription_overdue_rpc_invoker,false,true,1,629d6bf4ebb606fdd40b123d3f28112a,e8e8c302a67dba193cd4b2b8dc888dc9,version_absent;name_present
live,20260917112415,align_dashboard_role_permissions,false,true,1,f8a3d69751e89b3154188dd1a312b3b7,aaf34f889d630ff0344a4b2d63476148,version_absent;name_present
live,20260917122115,preserve_posted_document_names,false,true,1,e3b3d8e92c4f789c0853c6c464a8f254,2431783934b198afcca2a0092a8244b3,version_absent;name_present
live,20260921203948,scope_language_entitlements_to_pakistan_en_ur,false,true,1,e5c782f12b0eb22d52ebffda961f81b6,d7240f442d6f9c4b56b67893e32aaaf0,version_absent;name_present
live,20260921204530,limit_company_languages_to_english_urdu,false,false,1,1b39f3e797ed072f09b64804fc3a8c66,232b840bedbbda55f85f99815c3f6db7,version_absent
